Project Name,Test Companion Mobile Testing
Build Name,ANDROID Session
Build ID,"=""330044"""
Created By,Saidinesh Narisetti
Created At,2026-09-19T07:41:00.209Z
WCAG Version,WCAG 2.2 AAA
Excluded Rules,None
Excluded Rules Categories,None
App Package Name,com.hackathonqa.encore
App Version,"="""""
Auto Scanning,true
Issue Summary,"Total 209, Critical 0, Serious 191, Moderate 10, Minor 8"
Snapshot Count,"=""8"""
Report Link,https://app-accessibility.browserstack.com/automated-tests/projects/4149340/builds/ANDROID+Session/1?thBuildId=wrz9clzrcfubqmwsuh92jwvjweufztcted7tynwr

Test Name,Device,Issue Type,Issue Description,WCAG,Severity,Element ID,Scan Number,Issue Index,Needs Review,Test Excluded Rules,Test Excluded Rule Categories,Duplicate,Experimental,Issue Details,How to Fix,Element Properties,Issue Link,Docs Link
Mobile App Accessibility Exploration, v,Accessibility Label at front,"As a best practice, text of the label should be at the start of the accessible name.",Best Practice,Minor,N/A,1,1,No,None,None,FALSE,FALSE,"{""visibleText"":""\""E\"""",""detectedLabel"":""\""capital E\""""}",Ensure that text begins with the visually presented text defined in the visibleText to fix this issue.,"[{""className"":""\""android.widget.TextView\""""},{""viewId"":null},{""frame"":""{\""x\"":516,\""y\"":813,\""width\"":48,\""height\"":112}""},{""visibleText"":""\""E\""""},{""text"":""\""E\""""},{""accessible"":true},{""accessibilityLabel"":""\""\""""},{""accessibilityHint"":""\""\""""},{""detectedLabel"":""\""capital E\""""},{""isCheckable"":false},{""accessibilityState"":""\""\""""}]",https://app-accessibility.browserstack.com/automated-tests/projects/4149340/builds/ANDROID+Session/1?thBuildId=wrz9clzrcfubqmwsuh92jwvjweufztcted7tynwr&activeTab=all_issues&locator=eyJzbmFwX2luZGV4IjowLCJydWxlX2lkIjoibGFiZWwtYXQtZnJvbnQiLCJpc3N1ZV9pbmRleCI6IjEifQ==,https://www.browserstack.com/docs/app-accessibility/rule-repository/rules-list/label-at-front
Mobile App Accessibility Exploration, v,Missing Heading,Ensure that text elements visually functioning as headings are programmatically marked as headings,WCAG 2.2-1.3.1 A,Moderate,landing-title,1,2,No,None,None,FALSE,FALSE,"{""text"":""\""Encore\"""",""isHeading"":false}",Ensure the elements serving as headings visually are programmatically marked as heading in respective frameworks,"[{""className"":""\""android.widget.TextView\""""},{""frame"":""{\""x\"":370,\""y\"":1013,\""width\"":340,\""height\"":145}""},{""text"":""\""Encore\""""},{""detectedLabel"":""\""\""""},{""accessible"":true},{""isHeading"":false}]",https://app-accessibility.browserstack.com/automated-tests/projects/4149340/builds/ANDROID+Session/1?thBuildId=wrz9clzrcfubqmwsuh92jwvjweufztcted7tynwr&activeTab=all_issues&locator=eyJzbmFwX2luZGV4IjowLCJydWxlX2lkIjoibWlzc2luZy1oZWFkaW5nIiwiaXNzdWVfaW5kZXgiOiIyIn0=,https://www.browserstack.com/docs/app-accessibility/rule-repository/rules-list/content-structure/missing-heading
Mobile App Accessibility Exploration, v,Touch Target Size,"Ensure that each interactive UI element has a focusable area, or touch target size, of at least 44x44 dp, logical pixels or equivalent",WCAG 2.2-2.5.5 AAA,Serious,category-filter-chip-Classical,2,1,No,None,None,FALSE,FALSE,"{""calculatedWidth"":""\""41\"""",""calculatedHeight"":""\""35\""""}",Users with motor limitations will find it difficult to accurately activate elements with the observed touch target size of '41 x 35'. The expected touch target size should be at minimum '44 x 44' to ensure accessibility and ease of use for all users.,"[{""className"":""\""android.widget.Button\""""},{""viewId"":""\""category-filter-chip-Classical\""""},{""frame"":""{\""x\"":957,\""y\"":285,\""width\"":123,\""height\"":107}""},{""visibleText"":""\""\""""},{""accessible"":true},{""isVisibleToUser"":true},{""isClickable"":true},{""isLongClickable"":false},{""screenWidth"":""\""\""""},{""screenHeight"":""\""\""""},{""screenDotsPerInch"":""\""\""""},{""calculatedWidth"":""\""41\""""},{""calculatedHeight"":""\""35\""""}]",https://app-accessibility.browserstack.com/automated-tests/projects/4149340/builds/ANDROID+Session/1?thBuildId=wrz9clzrcfubqmwsuh92jwvjweufztcted7tynwr&activeTab=all_issues&locator=eyJzbmFwX2luZGV4IjoxLCJydWxlX2lkIjoidG91Y2gtdGFyZ2V0LXNpemUiLCJpc3N1ZV9pbmRleCI6IjEifQ==,https://www.browserstack.com/docs/app-accessibility/rule-repository/rules-list/touch-target-size
Mobile App Accessibility Exploration, v,Touch Target Size,"Ensure that each interactive UI element has a focusable area, or touch target size, of at least 44x44 dp, logical pixels or equivalent",WCAG 2.2-2.5.5 AAA,Serious,category-filter-chip-Theater,2,2,No,None,None,FALSE,FALSE,"{""calculatedWidth"":""\""79\"""",""calculatedHeight"":""\""35\""""}",Users with motor limitations will find it difficult to accurately activate elements with the observed touch target size of '79 x 35'. The expected touch target size should be at minimum '44 x 44' to ensure accessibility and ease of use for all users.,"[{""className"":""\""android.widget.Button\""""},{""viewId"":""\""category-filter-chip-Theater\""""},{""frame"":""{\""x\"":696,\""y\"":285,\""width\"":237,\""height\"":107}""},{""visibleText"":""\""\""""},{""accessible"":true},{""isVisibleToUser"":true},{""isClickable"":true},{""isLongClickable"":false},{""screenWidth"":""\""\""""},{""screenHeight"":""\""\""""},{""screenDotsPerInch"":""\""\""""},{""calculatedWidth"":""\""79\""""},{""calculatedHeight"":""\""35\""""}]",https://app-accessibility.browserstack.com/automated-tests/projects/4149340/builds/ANDROID+Session/1?thBuildId=wrz9clzrcfubqmwsuh92jwvjweufztcted7tynwr&activeTab=all_issues&locator=eyJzbmFwX2luZGV4IjoxLCJydWxlX2lkIjoidG91Y2gtdGFyZ2V0LXNpemUiLCJpc3N1ZV9pbmRleCI6IjIifQ==,https://www.browserstack.com/docs/app-accessibility/rule-repository/rules-list/touch-target-size
Mobile App Accessibility Exploration, v,Touch Target Size,"Ensure that each interactive UI element has a focusable area, or touch target size, of at least 44x44 dp, logical pixels or equivalent",WCAG 2.2-2.5.5 AAA,Serious,category-filter-chip-Music,2,3,No,None,None,FALSE,FALSE,"{""calculatedWidth"":""\""69\"""",""calculatedHeight"":""\""35\""""}",Users with motor limitations will find it difficult to accurately activate elements with the observed touch target size of '69 x 35'. The expected touch target size should be at minimum '44 x 44' to ensure accessibility and ease of use for all users.,"[{""className"":""\""android.widget.Button\""""},{""viewId"":""\""category-filter-chip-Music\""""},{""frame"":""{\""x\"":221,\""y\"":285,\""width\"":209,\""height\"":107}""},{""visibleText"":""\""\""""},{""accessible"":true},{""isVisibleToUser"":true},{""isClickable"":true},{""isLongClickable"":false},{""screenWidth"":""\""\""""},{""screenHeight"":""\""\""""},{""screenDotsPerInch"":""\""\""""},{""calculatedWidth"":""\""69\""""},{""calculatedHeight"":""\""35\""""}]",https://app-accessibility.browserstack.com/automated-tests/projects/4149340/builds/ANDROID+Session/1?thBuildId=wrz9clzrcfubqmwsuh92jwvjweufztcted7tynwr&activeTab=all_issues&locator=eyJzbmFwX2luZGV4IjoxLCJydWxlX2lkIjoidG91Y2gtdGFyZ2V0LXNpemUiLCJpc3N1ZV9pbmRleCI6IjMifQ==,https://www.browserstack.com/docs/app-accessibility/rule-repository/rules-list/touch-target-size
Mobile App Accessibility Exploration, v,Touch Target Size,"Ensure that each interactive UI element has a focusable area, or touch target size, of at least 44x44 dp, logical pixels or equivalent",WCAG 2.2-2.5.5 AAA,Serious,category-filter-chip-All,2,4,No,None,None,FALSE,FALSE,"{""calculatedWidth"":""\""49\"""",""calculatedHeight"":""\""35\""""}",Users with motor limitations will find it difficult to accurately activate elements with the observed touch target size of '49 x 35'. The expected touch target size should be at minimum '44 x 44' to ensure accessibility and ease of use for all users.,"[{""className"":""\""android.widget.Button\""""},{""viewId"":""\""category-filter-chip-All\""""},{""frame"":""{\""x\"":48,\""y\"":285,\""width\"":149,\""height\"":107}""},{""visibleText"":""\""\""""},{""accessible"":true},{""isVisibleToUser"":true},{""isClickable"":true},{""isLongClickable"":false},{""screenWidth"":""\""\""""},{""screenHeight"":""\""\""""},{""screenDotsPerInch"":""\""\""""},{""calculatedWidth"":""\""49\""""},{""calculatedHeight"":""\""35\""""}]",https://app-accessibility.browserstack.com/automated-tests/projects/4149340/builds/ANDROID+Session/1?thBuildId=wrz9clzrcfubqmwsuh92jwvjweufztcted7tynwr&activeTab=all_issues&locator=eyJzbmFwX2luZGV4IjoxLCJydWxlX2lkIjoidG91Y2gtdGFyZ2V0LXNpemUiLCJpc3N1ZV9pbmRleCI6IjQifQ==,https://www.browserstack.com/docs/app-accessibility/rule-repository/rules-list/touch-target-size
Mobile App Accessibility Exploration, v,Touch Target Size,"Ensure that each interactive UI element has a focusable area, or touch target size, of at least 44x44 dp, logical pixels or equivalent",WCAG 2.2-2.5.5 AAA,Serious,category-filter-chip-Sports,2,5,No,None,None,FALSE,FALSE,"{""calculatedWidth"":""\""72\"""",""calculatedHeight"":""\""35\""""}",Users with motor limitations will find it difficult to accurately activate elements with the observed touch target size of '72 x 35'. The expected touch target size should be at minimum '44 x 44' to ensure accessibility and ease of use for all users.,"[{""className"":""\""android.widget.Button\""""},{""viewId"":""\""category-filter-chip-Sports\""""},{""frame"":""{\""x\"":454,\""y\"":285,\""width\"":218,\""height\"":107}""},{""visibleText"":""\""\""""},{""accessible"":true},{""isVisibleToUser"":true},{""isClickable"":true},{""isLongClickable"":false},{""screenWidth"":""\""\""""},{""screenHeight"":""\""\""""},{""screenDotsPerInch"":""\""\""""},{""calculatedWidth"":""\""72\""""},{""calculatedHeight"":""\""35\""""}]",https://app-accessibility.browserstack.com/automated-tests/projects/4149340/builds/ANDROID+Session/1?thBuildId=wrz9clzrcfubqmwsuh92jwvjweufztcted7tynwr&activeTab=all_issues&locator=eyJzbmFwX2luZGV4IjoxLCJydWxlX2lkIjoidG91Y2gtdGFyZ2V0LXNpemUiLCJpc3N1ZV9pbmRleCI6IjUifQ==,https://www.browserstack.com/docs/app-accessibility/rule-repository/rules-list/touch-target-size
Mobile App Accessibility Exploration, v,Touch Target Size,"Ensure that each interactive UI element has a focusable area, or touch target size, of at least 44x44 dp, logical pixels or equivalent",WCAG 2.2-2.5.5 AAA,Serious,my-bookings-nav-button,2,6,No,None,None,FALSE,FALSE,"{""calculatedWidth"":""\""91\"""",""calculatedHeight"":""\""20\""""}",Users with motor limitations will find it difficult to accurately activate elements with the observed touch target size of '91 x 20'. The expected touch target size should be at minimum '44 x 44' to ensure accessibility and ease of use for all users.,"[{""className"":""\""android.widget.Button\""""},{""viewId"":""\""my-bookings-nav-button\""""},{""frame"":""{\""x\"":757,\""y\"":134,\""width\"":275,\""height\"":61}""},{""visibleText"":""\""\""""},{""accessible"":true},{""isVisibleToUser"":true},{""isClickable"":true},{""isLongClickable"":false},{""screenWidth"":""\""\""""},{""screenHeight"":""\""\""""},{""screenDotsPerInch"":""\""\""""},{""calculatedWidth"":""\""91\""""},{""calculatedHeight"":""\""20\""""}]",https://app-accessibility.browserstack.com/automated-tests/projects/4149340/builds/ANDROID+Session/1?thBuildId=wrz9clzrcfubqmwsuh92jwvjweufztcted7tynwr&activeTab=all_issues&locator=eyJzbmFwX2luZGV4IjoxLCJydWxlX2lkIjoidG91Y2gtdGFyZ2V0LXNpemUiLCJpc3N1ZV9pbmRleCI6IjYifQ==,https://www.browserstack.com/docs/app-accessibility/rule-repository/rules-list/touch-target-size
Mobile App Accessibility Exploration, v,Accessibility Label at front,"As a best practice, text of the label should be at the start of the accessible name.",Best Practice,Minor,category-filter-chip-Classical,2,7,No,None,None,FALSE,FALSE,"{""visibleText"":""\""Classical\"""",""detectedLabel"":""\""Filter by Classical, Button\""""}",Ensure that accessibilityLabel or child begins with the visually presented text defined in the visibleText to fix this issue.,"[{""className"":""\""android.widget.Button\""""},{""viewId"":""\""category-filter-chip-Classical\""""},{""frame"":""{\""x\"":957,\""y\"":285,\""width\"":123,\""height\"":107}""},{""visibleText"":""\""Classical\""""},{""text"":""\""\""""},{""accessible"":true},{""accessibilityLabel"":""\""Filter by Classical\""""},{""accessibilityHint"":""\""\""""},{""detectedLabel"":""\""Filter by Classical, Button\""""},{""isCheckable"":false},{""accessibilityState"":""\""\""""}]",https://app-accessibility.browserstack.com/automated-tests/projects/4149340/builds/ANDROID+Session/1?thBuildId=wrz9clzrcfubqmwsuh92jwvjweufztcted7tynwr&activeTab=all_issues&locator=eyJzbmFwX2luZGV4IjoxLCJydWxlX2lkIjoibGFiZWwtYXQtZnJvbnQiLCJpc3N1ZV9pbmRleCI6IjcifQ==,https://www.browserstack.com/docs/app-accessibility/rule-repository/rules-list/label-at-front
Mobile App Accessibility Exploration, v,Accessibility Label at front,"As a best practice, text of the label should be at the start of the accessible name.",Best Practice,Minor,event-card-evt-28,2,8,No,None,None,FALSE,FALSE,"{""visibleText"":""\""Sports, From $72\"""",""detectedLabel"":""\""City Derby Night, Sports, from $72, Button\""""}",Ensure that accessibilityLabel or child begins with the visually presented text defined in the visibleText to fix this issue.,"[{""className"":""\""android.widget.Button\""""},{""viewId"":""\""event-card-evt-28\""""},{""frame"":""{\""x\"":48,\""y\"":1040,\""width\"":984,\""height\"":525}""},{""visibleText"":""\""Sports, From $72\""""},{""text"":""\""\""""},{""accessible"":true},{""accessibilityLabel"":""\""City Derby Night, Sports, from $72\""""},{""accessibilityHint"":""\""\""""},{""detectedLabel"":""\""City Derby Night, Sports, from $72, Button\""""},{""isCheckable"":false},{""accessibilityState"":""\""\""""}]",https://app-accessibility.browserstack.com/automated-tests/projects/4149340/builds/ANDROID+Session/1?thBuildId=wrz9clzrcfubqmwsuh92jwvjweufztcted7tynwr&activeTab=all_issues&locator=eyJzbmFwX2luZGV4IjoxLCJydWxlX2lkIjoibGFiZWwtYXQtZnJvbnQiLCJpc3N1ZV9pbmRleCI6IjgifQ==,https://www.browserstack.com/docs/app-accessibility/rule-repository/rules-list/label-at-front
Mobile App Accessibility Exploration, v,Accessibility Label at front,"As a best practice, text of the label should be at the start of the accessible name.",Best Practice,Minor,category-filter-chip-Theater,2,9,No,None,None,FALSE,FALSE,"{""visibleText"":""\""Theater\"""",""detectedLabel"":""\""Filter by Theater, Button\""""}",Ensure that accessibilityLabel or child begins with the visually presented text defined in the visibleText to fix this issue.,"[{""className"":""\""android.widget.Button\""""},{""viewId"":""\""category-filter-chip-Theater\""""},{""frame"":""{\""x\"":696,\""y\"":285,\""width\"":237,\""height\"":107}""},{""visibleText"":""\""Theater\""""},{""text"":""\""\""""},{""accessible"":true},{""accessibilityLabel"":""\""Filter by Theater\""""},{""accessibilityHint"":""\""\""""},{""detectedLabel"":""\""Filter by Theater, Button\""""},{""isCheckable"":false},{""accessibilityState"":""\""\""""}]",https://app-accessibility.browserstack.com/automated-tests/projects/4149340/builds/ANDROID+Session/1?thBuildId=wrz9clzrcfubqmwsuh92jwvjweufztcted7tynwr&activeTab=all_issues&locator=eyJzbmFwX2luZGV4IjoxLCJydWxlX2lkIjoibGFiZWwtYXQtZnJvbnQiLCJpc3N1ZV9pbmRleCI6IjkifQ==,https://www.browserstack.com/docs/app-accessibility/rule-repository/rules-list/label-at-front
Mobile App Accessibility Exploration, v,Accessibility Label at front,"As a best practice, text of the label should be at the start of the accessible name.",Best Practice,Minor,category-filter-chip-Music,2,10,No,None,None,FALSE,FALSE,"{""visibleText"":""\""Music\"""",""detectedLabel"":""\""Filter by Music, Button\""""}",Ensure that accessibilityLabel or child begins with the visually presented text defined in the visibleText to fix this issue.,"[{""className"":""\""android.widget.Button\""""},{""viewId"":""\""category-filter-chip-Music\""""},{""frame"":""{\""x\"":221,\""y\"":285,\""width\"":209,\""height\"":107}""},{""visibleText"":""\""Music\""""},{""text"":""\""\""""},{""accessible"":true},{""accessibilityLabel"":""\""Filter by Music\""""},{""accessibilityHint"":""\""\""""},{""detectedLabel"":""\""Filter by Music, Button\""""},{""isCheckable"":false},{""accessibilityState"":""\""\""""}]",https://app-accessibility.browserstack.com/automated-tests/projects/4149340/builds/ANDROID+Session/1?thBuildId=wrz9clzrcfubqmwsuh92jwvjweufztcted7tynwr&activeTab=all_issues&locator=eyJzbmFwX2luZGV4IjoxLCJydWxlX2lkIjoibGFiZWwtYXQtZnJvbnQiLCJpc3N1ZV9pbmRleCI6IjEwIn0=,https://www.browserstack.com/docs/app-accessibility/rule-repository/rules-list/label-at-front
Mobile App Accessibility Exploration, v,Accessibility Label at front,"As a best practice, text of the label should be at the start of the accessible name.",Best Practice,Minor,category-filter-chip-All,2,11,No,None,None,FALSE,FALSE,"{""visibleText"":""\""All\"""",""detectedLabel"":""\""selected, Filter by All, Button\""""}",Ensure that accessibilityLabel or child begins with the visually presented text defined in the visibleText to fix this issue.,"[{""className"":""\""android.widget.Button\""""},{""viewId"":""\""category-filter-chip-All\""""},{""frame"":""{\""x\"":48,\""y\"":285,\""width\"":149,\""height\"":107}""},{""visibleText"":""\""All\""""},{""text"":""\""\""""},{""accessible"":true},{""accessibilityLabel"":""\""Filter by All\""""},{""accessibilityHint"":""\""\""""},{""detectedLabel"":""\""selected, Filter by All, Button\""""},{""isCheckable"":false},{""accessibilityState"":""\""\""""}]",https://app-accessibility.browserstack.com/automated-tests/projects/4149340/builds/ANDROID+Session/1?thBuildId=wrz9clzrcfubqmwsuh92jwvjweufztcted7tynwr&activeTab=all_issues&locator=eyJzbmFwX2luZGV4IjoxLCJydWxlX2lkIjoibGFiZWwtYXQtZnJvbnQiLCJpc3N1ZV9pbmRleCI6IjExIn0=,https://www.browserstack.com/docs/app-accessibility/rule-repository/rules-list/label-at-front
Mobile App Accessibility Exploration, v,Accessibility Label at front,"As a best practice, text of the label should be at the start of the accessible name.",Best Practice,Minor,category-filter-chip-Sports,2,12,No,None,None,FALSE,FALSE,"{""visibleText"":""\""Sports\"""",""detectedLabel"":""\""Filter by Sports, Button\""""}",Ensure that accessibilityLabel or child begins with the visually presented text defined in the visibleText to fix this issue.,"[{""className"":""\""android.widget.Button\""""},{""viewId"":""\""category-filter-chip-Sports\""""},{""frame"":""{\""x\"":454,\""y\"":285,\""width\"":218,\""height\"":107}""},{""visibleText"":""\""Sports\""""},{""text"":""\""\""""},{""accessible"":true},{""accessibilityLabel"":""\""Filter by Sports\""""},{""accessibilityHint"":""\""\""""},{""detectedLabel"":""\""Filter by Sports, Button\""""},{""isCheckable"":false},{""accessibilityState"":""\""\""""}]",https://app-accessibility.browserstack.com/automated-tests/projects/4149340/builds/ANDROID+Session/1?thBuildId=wrz9clzrcfubqmwsuh92jwvjweufztcted7tynwr&activeTab=all_issues&locator=eyJzbmFwX2luZGV4IjoxLCJydWxlX2lkIjoibGFiZWwtYXQtZnJvbnQiLCJpc3N1ZV9pbmRleCI6IjEyIn0=,https://www.browserstack.com/docs/app-accessibility/rule-repository/rules-list/label-at-front
Mobile App Accessibility Exploration, v,Text Element Color Contrast (Minimum),Text elements should have a minimum contrast ratio with their background: 4.5:1 for small text and 3:1 for large text.,WCAG 2.2-1.4.3 AA,Serious,N/A,2,13,No,None,None,FALSE,FALSE,"{""detectedForegroundColor"":""\""#9497AD\"""",""detectedBackgroundColor"":""\""#FFFFFF\"""",""calculatedColorContrast"":2.88}",Adjust the color of the text element or its background to meet the specified minimum contrast ratio.,"[{""className"":""\""android.widget.TextView\""""},{""viewId"":null},{""frame"":""{\""x\"":96,\""y\"":1901,\""width\"":888,\""height\"":53}""},{""visibleText"":""\""Fri, Oct 9, 2026 · 7:30 PM\""""},{""accessible"":true},{""detectedForegroundColor"":""\""#9497AD\""""},{""detectedBackgroundColor"":""\""#FFFFFF\""""},{""fontSize"":""\""13.0\""""},{""isPotentiallyObscured"":false},{""calculatedColorContrast"":2.88}]",https://app-accessibility.browserstack.com/automated-tests/projects/4149340/builds/ANDROID+Session/1?thBuildId=wrz9clzrcfubqmwsuh92jwvjweufztcted7tynwr&activeTab=all_issues&locator=eyJzbmFwX2luZGV4IjoxLCJydWxlX2lkIjoidGV4dC1jb2xvci1jb250cmFzdCIsImlzc3VlX2luZGV4IjoiMTMifQ==,https://www.browserstack.com/docs/app-accessibility/rule-repository/rules-list/text-element-color-contrast
Mobile App Accessibility Exploration, v,Missing Heading,Ensure that text elements visually functioning as headings are programmatically marked as headings,WCAG 2.2-1.3.1 A,Moderate,N/A,2,14,No,None,None,FALSE,FALSE,"{""text"":""\""Events\"""",""isHeading"":false}",Ensure the elements serving as headings visually are programmatically marked as heading in respective frameworks,"[{""className"":""\""android.widget.TextView\""""},{""frame"":""{\""x\"":48,\""y\"":124,\""width\"":182,\""height\"":81}""},{""text"":""\""Events\""""},{""detectedLabel"":""\""\""""},{""accessible"":true},{""isHeading"":false}]",https://app-accessibility.browserstack.com/automated-tests/projects/4149340/builds/ANDROID+Session/1?thBuildId=wrz9clzrcfubqmwsuh92jwvjweufztcted7tynwr&activeTab=all_issues&locator=eyJzbmFwX2luZGV4IjoxLCJydWxlX2lkIjoibWlzc2luZy1oZWFkaW5nIiwiaXNzdWVfaW5kZXgiOiIxNCJ9,https://www.browserstack.com/docs/app-accessibility/rule-repository/rules-list/content-structure/missing-heading
Mobile App Accessibility Exploration, v,Touch Target Size,"Ensure that each interactive UI element has a focusable area, or touch target size, of at least 44x44 dp, logical pixels or equivalent",WCAG 2.2-2.5.5 AAA,Serious,category-filter-chip-Classical,3,1,No,None,None,FALSE,FALSE,"{""calculatedWidth"":""\""41\"""",""calculatedHeight"":""\""35\""""}",Users with motor limitations will find it difficult to accurately activate elements with the observed touch target size of '41 x 35'. The expected touch target size should be at minimum '44 x 44' to ensure accessibility and ease of use for all users.,"[{""className"":""\""android.widget.Button\""""},{""viewId"":""\""category-filter-chip-Classical\""""},{""frame"":""{\""x\"":957,\""y\"":285,\""width\"":123,\""height\"":107}""},{""visibleText"":""\""\""""},{""accessible"":true},{""isVisibleToUser"":true},{""isClickable"":true},{""isLongClickable"":false},{""screenWidth"":""\""\""""},{""screenHeight"":""\""\""""},{""screenDotsPerInch"":""\""\""""},{""calculatedWidth"":""\""41\""""},{""calculatedHeight"":""\""35\""""}]",https://app-accessibility.browserstack.com/automated-tests/projects/4149340/builds/ANDROID+Session/1?thBuildId=wrz9clzrcfubqmwsuh92jwvjweufztcted7tynwr&activeTab=all_issues&locator=eyJzbmFwX2luZGV4IjoyLCJydWxlX2lkIjoidG91Y2gtdGFyZ2V0LXNpemUiLCJpc3N1ZV9pbmRleCI6IjEifQ==,https://www.browserstack.com/docs/app-accessibility/rule-repository/rules-list/touch-target-size
Mobile App Accessibility Exploration, v,Touch Target Size,"Ensure that each interactive UI element has a focusable area, or touch target size, of at least 44x44 dp, logical pixels or equivalent",WCAG 2.2-2.5.5 AAA,Serious,category-filter-chip-Theater,3,2,No,None,None,FALSE,FALSE,"{""calculatedWidth"":""\""79\"""",""calculatedHeight"":""\""35\""""}",Users with motor limitations will find it difficult to accurately activate elements with the observed touch target size of '79 x 35'. The expected touch target size should be at minimum '44 x 44' to ensure accessibility and ease of use for all users.,"[{""className"":""\""android.widget.Button\""""},{""viewId"":""\""category-filter-chip-Theater\""""},{""frame"":""{\""x\"":696,\""y\"":285,\""width\"":237,\""height\"":107}""},{""visibleText"":""\""\""""},{""accessible"":true},{""isVisibleToUser"":true},{""isClickable"":true},{""isLongClickable"":false},{""screenWidth"":""\""\""""},{""screenHeight"":""\""\""""},{""screenDotsPerInch"":""\""\""""},{""calculatedWidth"":""\""79\""""},{""calculatedHeight"":""\""35\""""}]",https://app-accessibility.browserstack.com/automated-tests/projects/4149340/builds/ANDROID+Session/1?thBuildId=wrz9clzrcfubqmwsuh92jwvjweufztcted7tynwr&activeTab=all_issues&locator=eyJzbmFwX2luZGV4IjoyLCJydWxlX2lkIjoidG91Y2gtdGFyZ2V0LXNpemUiLCJpc3N1ZV9pbmRleCI6IjIifQ==,https://www.browserstack.com/docs/app-accessibility/rule-repository/rules-list/touch-target-size
Mobile App Accessibility Exploration, v,Touch Target Size,"Ensure that each interactive UI element has a focusable area, or touch target size, of at least 44x44 dp, logical pixels or equivalent",WCAG 2.2-2.5.5 AAA,Serious,category-filter-chip-Music,3,3,No,None,None,FALSE,FALSE,"{""calculatedWidth"":""\""69\"""",""calculatedHeight"":""\""35\""""}",Users with motor limitations will find it difficult to accurately activate elements with the observed touch target size of '69 x 35'. The expected touch target size should be at minimum '44 x 44' to ensure accessibility and ease of use for all users.,"[{""className"":""\""android.widget.Button\""""},{""viewId"":""\""category-filter-chip-Music\""""},{""frame"":""{\""x\"":221,\""y\"":285,\""width\"":209,\""height\"":107}""},{""visibleText"":""\""\""""},{""accessible"":true},{""isVisibleToUser"":true},{""isClickable"":true},{""isLongClickable"":false},{""screenWidth"":""\""\""""},{""screenHeight"":""\""\""""},{""screenDotsPerInch"":""\""\""""},{""calculatedWidth"":""\""69\""""},{""calculatedHeight"":""\""35\""""}]",https://app-accessibility.browserstack.com/automated-tests/projects/4149340/builds/ANDROID+Session/1?thBuildId=wrz9clzrcfubqmwsuh92jwvjweufztcted7tynwr&activeTab=all_issues&locator=eyJzbmFwX2luZGV4IjoyLCJydWxlX2lkIjoidG91Y2gtdGFyZ2V0LXNpemUiLCJpc3N1ZV9pbmRleCI6IjMifQ==,https://www.browserstack.com/docs/app-accessibility/rule-repository/rules-list/touch-target-size
Mobile App Accessibility Exploration, v,Touch Target Size,"Ensure that each interactive UI element has a focusable area, or touch target size, of at least 44x44 dp, logical pixels or equivalent",WCAG 2.2-2.5.5 AAA,Serious,category-filter-chip-All,3,4,No,None,None,FALSE,FALSE,"{""calculatedWidth"":""\""49\"""",""calculatedHeight"":""\""35\""""}",Users with motor limitations will find it difficult to accurately activate elements with the observed touch target size of '49 x 35'. The expected touch target size should be at minimum '44 x 44' to ensure accessibility and ease of use for all users.,"[{""className"":""\""android.widget.Button\""""},{""viewId"":""\""category-filter-chip-All\""""},{""frame"":""{\""x\"":48,\""y\"":285,\""width\"":149,\""height\"":107}""},{""visibleText"":""\""\""""},{""accessible"":true},{""isVisibleToUser"":true},{""isClickable"":true},{""isLongClickable"":false},{""screenWidth"":""\""\""""},{""screenHeight"":""\""\""""},{""screenDotsPerInch"":""\""\""""},{""calculatedWidth"":""\""49\""""},{""calculatedHeight"":""\""35\""""}]",https://app-accessibility.browserstack.com/automated-tests/projects/4149340/builds/ANDROID+Session/1?thBuildId=wrz9clzrcfubqmwsuh92jwvjweufztcted7tynwr&activeTab=all_issues&locator=eyJzbmFwX2luZGV4IjoyLCJydWxlX2lkIjoidG91Y2gtdGFyZ2V0LXNpemUiLCJpc3N1ZV9pbmRleCI6IjQifQ==,https://www.browserstack.com/docs/app-accessibility/rule-repository/rules-list/touch-target-size
Mobile App Accessibility Exploration, v,Touch Target Size,"Ensure that each interactive UI element has a focusable area, or touch target size, of at least 44x44 dp, logical pixels or equivalent",WCAG 2.2-2.5.5 AAA,Serious,category-filter-chip-Sports,3,5,No,None,None,FALSE,FALSE,"{""calculatedWidth"":""\""72\"""",""calculatedHeight"":""\""35\""""}",Users with motor limitations will find it difficult to accurately activate elements with the observed touch target size of '72 x 35'. The expected touch target size should be at minimum '44 x 44' to ensure accessibility and ease of use for all users.,"[{""className"":""\""android.widget.Button\""""},{""viewId"":""\""category-filter-chip-Sports\""""},{""frame"":""{\""x\"":454,\""y\"":285,\""width\"":218,\""height\"":107}""},{""visibleText"":""\""\""""},{""accessible"":true},{""isVisibleToUser"":true},{""isClickable"":true},{""isLongClickable"":false},{""screenWidth"":""\""\""""},{""screenHeight"":""\""\""""},{""screenDotsPerInch"":""\""\""""},{""calculatedWidth"":""\""72\""""},{""calculatedHeight"":""\""35\""""}]",https://app-accessibility.browserstack.com/automated-tests/projects/4149340/builds/ANDROID+Session/1?thBuildId=wrz9clzrcfubqmwsuh92jwvjweufztcted7tynwr&activeTab=all_issues&locator=eyJzbmFwX2luZGV4IjoyLCJydWxlX2lkIjoidG91Y2gtdGFyZ2V0LXNpemUiLCJpc3N1ZV9pbmRleCI6IjUifQ==,https://www.browserstack.com/docs/app-accessibility/rule-repository/rules-list/touch-target-size
Mobile App Accessibility Exploration, v,Touch Target Size,"Ensure that each interactive UI element has a focusable area, or touch target size, of at least 44x44 dp, logical pixels or equivalent",WCAG 2.2-2.5.5 AAA,Serious,my-bookings-nav-button,3,6,No,None,None,FALSE,FALSE,"{""calculatedWidth"":""\""91\"""",""calculatedHeight"":""\""20\""""}",Users with motor limitations will find it difficult to accurately activate elements with the observed touch target size of '91 x 20'. The expected touch target size should be at minimum '44 x 44' to ensure accessibility and ease of use for all users.,"[{""className"":""\""android.widget.Button\""""},{""viewId"":""\""my-bookings-nav-button\""""},{""frame"":""{\""x\"":757,\""y\"":134,\""width\"":275,\""height\"":61}""},{""visibleText"":""\""\""""},{""accessible"":true},{""isVisibleToUser"":true},{""isClickable"":true},{""isLongClickable"":false},{""screenWidth"":""\""\""""},{""screenHeight"":""\""\""""},{""screenDotsPerInch"":""\""\""""},{""calculatedWidth"":""\""91\""""},{""calculatedHeight"":""\""20\""""}]",https://app-accessibility.browserstack.com/automated-tests/projects/4149340/builds/ANDROID+Session/1?thBuildId=wrz9clzrcfubqmwsuh92jwvjweufztcted7tynwr&activeTab=all_issues&locator=eyJzbmFwX2luZGV4IjoyLCJydWxlX2lkIjoidG91Y2gtdGFyZ2V0LXNpemUiLCJpc3N1ZV9pbmRleCI6IjYifQ==,https://www.browserstack.com/docs/app-accessibility/rule-repository/rules-list/touch-target-size
Mobile App Accessibility Exploration, v,Accessibility Label at front,"As a best practice, text of the label should be at the start of the accessible name.",Best Practice,Minor,category-filter-chip-Classical,3,7,No,None,None,TRUE,FALSE,"{""visibleText"":""\""Classical\"""",""detectedLabel"":""\""Filter by Classical, Button\""""}",Ensure that accessibilityLabel or child begins with the visually presented text defined in the visibleText to fix this issue.,"[{""className"":""\""android.widget.Button\""""},{""viewId"":""\""category-filter-chip-Classical\""""},{""frame"":""{\""x\"":957,\""y\"":285,\""width\"":123,\""height\"":107}""},{""visibleText"":""\""Classical\""""},{""text"":""\""\""""},{""accessible"":true},{""accessibilityLabel"":""\""Filter by Classical\""""},{""accessibilityHint"":""\""\""""},{""detectedLabel"":""\""Filter by Classical, Button\""""},{""isCheckable"":false},{""accessibilityState"":""\""\""""}]",https://app-accessibility.browserstack.com/automated-tests/projects/4149340/builds/ANDROID+Session/1?thBuildId=wrz9clzrcfubqmwsuh92jwvjweufztcted7tynwr&activeTab=all_issues&locator=eyJzbmFwX2luZGV4IjoyLCJydWxlX2lkIjoibGFiZWwtYXQtZnJvbnQiLCJpc3N1ZV9pbmRleCI6IjcifQ==,https://www.browserstack.com/docs/app-accessibility/rule-repository/rules-list/label-at-front
Mobile App Accessibility Exploration, v,Accessibility Label at front,"As a best practice, text of the label should be at the start of the accessible name.",Best Practice,Minor,category-filter-chip-Theater,3,8,No,None,None,TRUE,FALSE,"{""visibleText"":""\""Theater\"""",""detectedLabel"":""\""Filter by Theater, Button\""""}",Ensure that accessibilityLabel or child begins with the visually presented text defined in the visibleText to fix this issue.,"[{""className"":""\""android.widget.Button\""""},{""viewId"":""\""category-filter-chip-Theater\""""},{""frame"":""{\""x\"":696,\""y\"":285,\""width\"":237,\""height\"":107}""},{""visibleText"":""\""Theater\""""},{""text"":""\""\""""},{""accessible"":true},{""accessibilityLabel"":""\""Filter by Theater\""""},{""accessibilityHint"":""\""\""""},{""detectedLabel"":""\""Filter by Theater, Button\""""},{""isCheckable"":false},{""accessibilityState"":""\""\""""}]",https://app-accessibility.browserstack.com/automated-tests/projects/4149340/builds/ANDROID+Session/1?thBuildId=wrz9clzrcfubqmwsuh92jwvjweufztcted7tynwr&activeTab=all_issues&locator=eyJzbmFwX2luZGV4IjoyLCJydWxlX2lkIjoibGFiZWwtYXQtZnJvbnQiLCJpc3N1ZV9pbmRleCI6IjgifQ==,https://www.browserstack.com/docs/app-accessibility/rule-repository/rules-list/label-at-front
Mobile App Accessibility Exploration, v,Accessibility Label at front,"As a best practice, text of the label should be at the start of the accessible name.",Best Practice,Minor,category-filter-chip-Music,3,9,No,None,None,TRUE,FALSE,"{""visibleText"":""\""Music\"""",""detectedLabel"":""\""Filter by Music, Button\""""}",Ensure that accessibilityLabel or child begins with the visually presented text defined in the visibleText to fix this issue.,"[{""className"":""\""android.widget.Button\""""},{""viewId"":""\""category-filter-chip-Music\""""},{""frame"":""{\""x\"":221,\""y\"":285,\""width\"":209,\""height\"":107}""},{""visibleText"":""\""Music\""""},{""text"":""\""\""""},{""accessible"":true},{""accessibilityLabel"":""\""Filter by Music\""""},{""accessibilityHint"":""\""\""""},{""detectedLabel"":""\""Filter by Music, Button\""""},{""isCheckable"":false},{""accessibilityState"":""\""\""""}]",https://app-accessibility.browserstack.com/automated-tests/projects/4149340/builds/ANDROID+Session/1?thBuildId=wrz9clzrcfubqmwsuh92jwvjweufztcted7tynwr&activeTab=all_issues&locator=eyJzbmFwX2luZGV4IjoyLCJydWxlX2lkIjoibGFiZWwtYXQtZnJvbnQiLCJpc3N1ZV9pbmRleCI6IjkifQ==,https://www.browserstack.com/docs/app-accessibility/rule-repository/rules-list/label-at-front
Mobile App Accessibility Exploration, v,Accessibility Label at front,"As a best practice, text of the label should be at the start of the accessible name.",Best Practice,Minor,category-filter-chip-All,3,10,No,None,None,TRUE,FALSE,"{""visibleText"":""\""All\"""",""detectedLabel"":""\""selected, Filter by All, Button\""""}",Ensure that accessibilityLabel or child begins with the visually presented text defined in the visibleText to fix this issue.,"[{""className"":""\""android.widget.Button\""""},{""viewId"":""\""category-filter-chip-All\""""},{""frame"":""{\""x\"":48,\""y\"":285,\""width\"":149,\""height\"":107}""},{""visibleText"":""\""All\""""},{""text"":""\""\""""},{""accessible"":true},{""accessibilityLabel"":""\""Filter by All\""""},{""accessibilityHint"":""\""\""""},{""detectedLabel"":""\""selected, Filter by All, Button\""""},{""isCheckable"":false},{""accessibilityState"":""\""\""""}]",https://app-accessibility.browserstack.com/automated-tests/projects/4149340/builds/ANDROID+Session/1?thBuildId=wrz9clzrcfubqmwsuh92jwvjweufztcted7tynwr&activeTab=all_issues&locator=eyJzbmFwX2luZGV4IjoyLCJydWxlX2lkIjoibGFiZWwtYXQtZnJvbnQiLCJpc3N1ZV9pbmRleCI6IjEwIn0=,https://www.browserstack.com/docs/app-accessibility/rule-repository/rules-list/label-at-front
Mobile App Accessibility Exploration, v,Accessibility Label at front,"As a best practice, text of the label should be at the start of the accessible name.",Best Practice,Minor,category-filter-chip-Sports,3,11,No,None,None,TRUE,FALSE,"{""visibleText"":""\""Sports\"""",""detectedLabel"":""\""Filter by Sports, Button\""""}",Ensure that accessibilityLabel or child begins with the visually presented text defined in the visibleText to fix this issue.,"[{""className"":""\""android.widget.Button\""""},{""viewId"":""\""category-filter-chip-Sports\""""},{""frame"":""{\""x\"":454,\""y\"":285,\""width\"":218,\""height\"":107}""},{""visibleText"":""\""Sports\""""},{""text"":""\""\""""},{""accessible"":true},{""accessibilityLabel"":""\""Filter by Sports\""""},{""accessibilityHint"":""\""\""""},{""detectedLabel"":""\""Filter by Sports, Button\""""},{""isCheckable"":false},{""accessibilityState"":""\""\""""}]",https://app-accessibility.browserstack.com/automated-tests/projects/4149340/builds/ANDROID+Session/1?thBuildId=wrz9clzrcfubqmwsuh92jwvjweufztcted7tynwr&activeTab=all_issues&locator=eyJzbmFwX2luZGV4IjoyLCJydWxlX2lkIjoibGFiZWwtYXQtZnJvbnQiLCJpc3N1ZV9pbmRleCI6IjExIn0=,https://www.browserstack.com/docs/app-accessibility/rule-repository/rules-list/label-at-front
Mobile App Accessibility Exploration, v,Text Element Color Contrast (Minimum),Text elements should have a minimum contrast ratio with their background: 4.5:1 for small text and 3:1 for large text.,WCAG 2.2-1.4.3 AA,Serious,N/A,3,12,No,None,None,FALSE,FALSE,"{""detectedForegroundColor"":""\""#9497AD\"""",""detectedBackgroundColor"":""\""#FFFFFF\"""",""calculatedColorContrast"":2.88}",Adjust the color of the text element or its background to meet the specified minimum contrast ratio.,"[{""className"":""\""android.widget.TextView\""""},{""viewId"":null},{""frame"":""{\""x\"":96,\""y\"":532,\""width\"":888,\""height\"":53}""},{""visibleText"":""\""Fri, Oct 9, 2026 · 7:30 PM\""""},{""accessible"":true},{""detectedForegroundColor"":""\""#9497AD\""""},{""detectedBackgroundColor"":""\""#FFFFFF\""""},{""fontSize"":""\""13.0\""""},{""isPotentiallyObscured"":false},{""calculatedColorContrast"":2.88}]",https://app-accessibility.browserstack.com/automated-tests/projects/4149340/builds/ANDROID+Session/1?thBuildId=wrz9clzrcfubqmwsuh92jwvjweufztcted7tynwr&activeTab=all_issues&locator=eyJzbmFwX2luZGV4IjoyLCJydWxlX2lkIjoidGV4dC1jb2xvci1jb250cmFzdCIsImlzc3VlX2luZGV4IjoiMTIifQ==,https://www.browserstack.com/docs/app-accessibility/rule-repository/rules-list/text-element-color-contrast
Mobile App Accessibility Exploration, v,Missing Heading,Ensure that text elements visually functioning as headings are programmatically marked as headings,WCAG 2.2-1.3.1 A,Moderate,N/A,3,13,No,None,None,TRUE,FALSE,"{""text"":""\""Events\"""",""isHeading"":false}",Ensure the elements serving as headings visually are programmatically marked as heading in respective frameworks,"[{""className"":""\""android.widget.TextView\""""},{""frame"":""{\""x\"":48,\""y\"":124,\""width\"":182,\""height\"":81}""},{""text"":""\""Events\""""},{""detectedLabel"":""\""\""""},{""accessible"":true},{""isHeading"":false}]",https://app-accessibility.browserstack.com/automated-tests/projects/4149340/builds/ANDROID+Session/1?thBuildId=wrz9clzrcfubqmwsuh92jwvjweufztcted7tynwr&activeTab=all_issues&locator=eyJzbmFwX2luZGV4IjoyLCJydWxlX2lkIjoibWlzc2luZy1oZWFkaW5nIiwiaXNzdWVfaW5kZXgiOiIxMyJ9,https://www.browserstack.com/docs/app-accessibility/rule-repository/rules-list/content-structure/missing-heading
Mobile App Accessibility Exploration, v,Touch Target Size,"Ensure that each interactive UI element has a focusable area, or touch target size, of at least 44x44 dp, logical pixels or equivalent",WCAG 2.2-2.5.5 AAA,Serious,category-filter-chip-Classical,4,1,No,None,None,FALSE,FALSE,"{""calculatedWidth"":""\""41\"""",""calculatedHeight"":""\""35\""""}",Users with motor limitations will find it difficult to accurately activate elements with the observed touch target size of '41 x 35'. The expected touch target size should be at minimum '44 x 44' to ensure accessibility and ease of use for all users.,"[{""className"":""\""android.widget.Button\""""},{""viewId"":""\""category-filter-chip-Classical\""""},{""frame"":""{\""x\"":957,\""y\"":285,\""width\"":123,\""height\"":107}""},{""visibleText"":""\""\""""},{""accessible"":true},{""isVisibleToUser"":true},{""isClickable"":true},{""isLongClickable"":false},{""screenWidth"":""\""\""""},{""screenHeight"":""\""\""""},{""screenDotsPerInch"":""\""\""""},{""calculatedWidth"":""\""41\""""},{""calculatedHeight"":""\""35\""""}]",https://app-accessibility.browserstack.com/automated-tests/projects/4149340/builds/ANDROID+Session/1?thBuildId=wrz9clzrcfubqmwsuh92jwvjweufztcted7tynwr&activeTab=all_issues&locator=eyJzbmFwX2luZGV4IjozLCJydWxlX2lkIjoidG91Y2gtdGFyZ2V0LXNpemUiLCJpc3N1ZV9pbmRleCI6IjEifQ==,https://www.browserstack.com/docs/app-accessibility/rule-repository/rules-list/touch-target-size
Mobile App Accessibility Exploration, v,Touch Target Size,"Ensure that each interactive UI element has a focusable area, or touch target size, of at least 44x44 dp, logical pixels or equivalent",WCAG 2.2-2.5.5 AAA,Serious,category-filter-chip-Theater,4,2,No,None,None,FALSE,FALSE,"{""calculatedWidth"":""\""79\"""",""calculatedHeight"":""\""35\""""}",Users with motor limitations will find it difficult to accurately activate elements with the observed touch target size of '79 x 35'. The expected touch target size should be at minimum '44 x 44' to ensure accessibility and ease of use for all users.,"[{""className"":""\""android.widget.Button\""""},{""viewId"":""\""category-filter-chip-Theater\""""},{""frame"":""{\""x\"":696,\""y\"":285,\""width\"":237,\""height\"":107}""},{""visibleText"":""\""\""""},{""accessible"":true},{""isVisibleToUser"":true},{""isClickable"":true},{""isLongClickable"":false},{""screenWidth"":""\""\""""},{""screenHeight"":""\""\""""},{""screenDotsPerInch"":""\""\""""},{""calculatedWidth"":""\""79\""""},{""calculatedHeight"":""\""35\""""}]",https://app-accessibility.browserstack.com/automated-tests/projects/4149340/builds/ANDROID+Session/1?thBuildId=wrz9clzrcfubqmwsuh92jwvjweufztcted7tynwr&activeTab=all_issues&locator=eyJzbmFwX2luZGV4IjozLCJydWxlX2lkIjoidG91Y2gtdGFyZ2V0LXNpemUiLCJpc3N1ZV9pbmRleCI6IjIifQ==,https://www.browserstack.com/docs/app-accessibility/rule-repository/rules-list/touch-target-size
Mobile App Accessibility Exploration, v,Touch Target Size,"Ensure that each interactive UI element has a focusable area, or touch target size, of at least 44x44 dp, logical pixels or equivalent",WCAG 2.2-2.5.5 AAA,Serious,category-filter-chip-Music,4,3,No,None,None,FALSE,FALSE,"{""calculatedWidth"":""\""69\"""",""calculatedHeight"":""\""35\""""}",Users with motor limitations will find it difficult to accurately activate elements with the observed touch target size of '69 x 35'. The expected touch target size should be at minimum '44 x 44' to ensure accessibility and ease of use for all users.,"[{""className"":""\""android.widget.Button\""""},{""viewId"":""\""category-filter-chip-Music\""""},{""frame"":""{\""x\"":221,\""y\"":285,\""width\"":209,\""height\"":107}""},{""visibleText"":""\""\""""},{""accessible"":true},{""isVisibleToUser"":true},{""isClickable"":true},{""isLongClickable"":false},{""screenWidth"":""\""\""""},{""screenHeight"":""\""\""""},{""screenDotsPerInch"":""\""\""""},{""calculatedWidth"":""\""69\""""},{""calculatedHeight"":""\""35\""""}]",https://app-accessibility.browserstack.com/automated-tests/projects/4149340/builds/ANDROID+Session/1?thBuildId=wrz9clzrcfubqmwsuh92jwvjweufztcted7tynwr&activeTab=all_issues&locator=eyJzbmFwX2luZGV4IjozLCJydWxlX2lkIjoidG91Y2gtdGFyZ2V0LXNpemUiLCJpc3N1ZV9pbmRleCI6IjMifQ==,https://www.browserstack.com/docs/app-accessibility/rule-repository/rules-list/touch-target-size
Mobile App Accessibility Exploration, v,Touch Target Size,"Ensure that each interactive UI element has a focusable area, or touch target size, of at least 44x44 dp, logical pixels or equivalent",WCAG 2.2-2.5.5 AAA,Serious,category-filter-chip-All,4,4,No,None,None,FALSE,FALSE,"{""calculatedWidth"":""\""49\"""",""calculatedHeight"":""\""35\""""}",Users with motor limitations will find it difficult to accurately activate elements with the observed touch target size of '49 x 35'. The expected touch target size should be at minimum '44 x 44' to ensure accessibility and ease of use for all users.,"[{""className"":""\""android.widget.Button\""""},{""viewId"":""\""category-filter-chip-All\""""},{""frame"":""{\""x\"":48,\""y\"":285,\""width\"":149,\""height\"":107}""},{""visibleText"":""\""\""""},{""accessible"":true},{""isVisibleToUser"":true},{""isClickable"":true},{""isLongClickable"":false},{""screenWidth"":""\""\""""},{""screenHeight"":""\""\""""},{""screenDotsPerInch"":""\""\""""},{""calculatedWidth"":""\""49\""""},{""calculatedHeight"":""\""35\""""}]",https://app-accessibility.browserstack.com/automated-tests/projects/4149340/builds/ANDROID+Session/1?thBuildId=wrz9clzrcfubqmwsuh92jwvjweufztcted7tynwr&activeTab=all_issues&locator=eyJzbmFwX2luZGV4IjozLCJydWxlX2lkIjoidG91Y2gtdGFyZ2V0LXNpemUiLCJpc3N1ZV9pbmRleCI6IjQifQ==,https://www.browserstack.com/docs/app-accessibility/rule-repository/rules-list/touch-target-size
Mobile App Accessibility Exploration, v,Touch Target Size,"Ensure that each interactive UI element has a focusable area, or touch target size, of at least 44x44 dp, logical pixels or equivalent",WCAG 2.2-2.5.5 AAA,Serious,category-filter-chip-Sports,4,5,No,None,None,FALSE,FALSE,"{""calculatedWidth"":""\""72\"""",""calculatedHeight"":""\""35\""""}",Users with motor limitations will find it difficult to accurately activate elements with the observed touch target size of '72 x 35'. The expected touch target size should be at minimum '44 x 44' to ensure accessibility and ease of use for all users.,"[{""className"":""\""android.widget.Button\""""},{""viewId"":""\""category-filter-chip-Sports\""""},{""frame"":""{\""x\"":454,\""y\"":285,\""width\"":218,\""height\"":107}""},{""visibleText"":""\""\""""},{""accessible"":true},{""isVisibleToUser"":true},{""isClickable"":true},{""isLongClickable"":false},{""screenWidth"":""\""\""""},{""screenHeight"":""\""\""""},{""screenDotsPerInch"":""\""\""""},{""calculatedWidth"":""\""72\""""},{""calculatedHeight"":""\""35\""""}]",https://app-accessibility.browserstack.com/automated-tests/projects/4149340/builds/ANDROID+Session/1?thBuildId=wrz9clzrcfubqmwsuh92jwvjweufztcted7tynwr&activeTab=all_issues&locator=eyJzbmFwX2luZGV4IjozLCJydWxlX2lkIjoidG91Y2gtdGFyZ2V0LXNpemUiLCJpc3N1ZV9pbmRleCI6IjUifQ==,https://www.browserstack.com/docs/app-accessibility/rule-repository/rules-list/touch-target-size
Mobile App Accessibility Exploration, v,Touch Target Size,"Ensure that each interactive UI element has a focusable area, or touch target size, of at least 44x44 dp, logical pixels or equivalent",WCAG 2.2-2.5.5 AAA,Serious,my-bookings-nav-button,4,6,No,None,None,FALSE,FALSE,"{""calculatedWidth"":""\""91\"""",""calculatedHeight"":""\""20\""""}",Users with motor limitations will find it difficult to accurately activate elements with the observed touch target size of '91 x 20'. The expected touch target size should be at minimum '44 x 44' to ensure accessibility and ease of use for all users.,"[{""className"":""\""android.widget.Button\""""},{""viewId"":""\""my-bookings-nav-button\""""},{""frame"":""{\""x\"":757,\""y\"":134,\""width\"":275,\""height\"":61}""},{""visibleText"":""\""\""""},{""accessible"":true},{""isVisibleToUser"":true},{""isClickable"":true},{""isLongClickable"":false},{""screenWidth"":""\""\""""},{""screenHeight"":""\""\""""},{""screenDotsPerInch"":""\""\""""},{""calculatedWidth"":""\""91\""""},{""calculatedHeight"":""\""20\""""}]",https://app-accessibility.browserstack.com/automated-tests/projects/4149340/builds/ANDROID+Session/1?thBuildId=wrz9clzrcfubqmwsuh92jwvjweufztcted7tynwr&activeTab=all_issues&locator=eyJzbmFwX2luZGV4IjozLCJydWxlX2lkIjoidG91Y2gtdGFyZ2V0LXNpemUiLCJpc3N1ZV9pbmRleCI6IjYifQ==,https://www.browserstack.com/docs/app-accessibility/rule-repository/rules-list/touch-target-size
Mobile App Accessibility Exploration, v,Accessibility Label at front,"As a best practice, text of the label should be at the start of the accessible name.",Best Practice,Minor,category-filter-chip-Classical,4,7,No,None,None,TRUE,FALSE,"{""visibleText"":""\""Classical\"""",""detectedLabel"":""\""Filter by Classical, Button\""""}",Ensure that accessibilityLabel or child begins with the visually presented text defined in the visibleText to fix this issue.,"[{""className"":""\""android.widget.Button\""""},{""viewId"":""\""category-filter-chip-Classical\""""},{""frame"":""{\""x\"":957,\""y\"":285,\""width\"":123,\""height\"":107}""},{""visibleText"":""\""Classical\""""},{""text"":""\""\""""},{""accessible"":true},{""accessibilityLabel"":""\""Filter by Classical\""""},{""accessibilityHint"":""\""\""""},{""detectedLabel"":""\""Filter by Classical, Button\""""},{""isCheckable"":false},{""accessibilityState"":""\""\""""}]",https://app-accessibility.browserstack.com/automated-tests/projects/4149340/builds/ANDROID+Session/1?thBuildId=wrz9clzrcfubqmwsuh92jwvjweufztcted7tynwr&activeTab=all_issues&locator=eyJzbmFwX2luZGV4IjozLCJydWxlX2lkIjoibGFiZWwtYXQtZnJvbnQiLCJpc3N1ZV9pbmRleCI6IjcifQ==,https://www.browserstack.com/docs/app-accessibility/rule-repository/rules-list/label-at-front
Mobile App Accessibility Exploration, v,Accessibility Label at front,"As a best practice, text of the label should be at the start of the accessible name.",Best Practice,Minor,category-filter-chip-Theater,4,8,No,None,None,TRUE,FALSE,"{""visibleText"":""\""Theater\"""",""detectedLabel"":""\""Filter by Theater, Button\""""}",Ensure that accessibilityLabel or child begins with the visually presented text defined in the visibleText to fix this issue.,"[{""className"":""\""android.widget.Button\""""},{""viewId"":""\""category-filter-chip-Theater\""""},{""frame"":""{\""x\"":696,\""y\"":285,\""width\"":237,\""height\"":107}""},{""visibleText"":""\""Theater\""""},{""text"":""\""\""""},{""accessible"":true},{""accessibilityLabel"":""\""Filter by Theater\""""},{""accessibilityHint"":""\""\""""},{""detectedLabel"":""\""Filter by Theater, Button\""""},{""isCheckable"":false},{""accessibilityState"":""\""\""""}]",https://app-accessibility.browserstack.com/automated-tests/projects/4149340/builds/ANDROID+Session/1?thBuildId=wrz9clzrcfubqmwsuh92jwvjweufztcted7tynwr&activeTab=all_issues&locator=eyJzbmFwX2luZGV4IjozLCJydWxlX2lkIjoibGFiZWwtYXQtZnJvbnQiLCJpc3N1ZV9pbmRleCI6IjgifQ==,https://www.browserstack.com/docs/app-accessibility/rule-repository/rules-list/label-at-front
Mobile App Accessibility Exploration, v,Accessibility Label at front,"As a best practice, text of the label should be at the start of the accessible name.",Best Practice,Minor,category-filter-chip-Music,4,9,No,None,None,TRUE,FALSE,"{""visibleText"":""\""Music\"""",""detectedLabel"":""\""Filter by Music, Button\""""}",Ensure that accessibilityLabel or child begins with the visually presented text defined in the visibleText to fix this issue.,"[{""className"":""\""android.widget.Button\""""},{""viewId"":""\""category-filter-chip-Music\""""},{""frame"":""{\""x\"":221,\""y\"":285,\""width\"":209,\""height\"":107}""},{""visibleText"":""\""Music\""""},{""text"":""\""\""""},{""accessible"":true},{""accessibilityLabel"":""\""Filter by Music\""""},{""accessibilityHint"":""\""\""""},{""detectedLabel"":""\""Filter by Music, Button\""""},{""isCheckable"":false},{""accessibilityState"":""\""\""""}]",https://app-accessibility.browserstack.com/automated-tests/projects/4149340/builds/ANDROID+Session/1?thBuildId=wrz9clzrcfubqmwsuh92jwvjweufztcted7tynwr&activeTab=all_issues&locator=eyJzbmFwX2luZGV4IjozLCJydWxlX2lkIjoibGFiZWwtYXQtZnJvbnQiLCJpc3N1ZV9pbmRleCI6IjkifQ==,https://www.browserstack.com/docs/app-accessibility/rule-repository/rules-list/label-at-front
Mobile App Accessibility Exploration, v,Accessibility Label at front,"As a best practice, text of the label should be at the start of the accessible name.",Best Practice,Minor,category-filter-chip-All,4,10,No,None,None,TRUE,FALSE,"{""visibleText"":""\""All\"""",""detectedLabel"":""\""selected, Filter by All, Button\""""}",Ensure that accessibilityLabel or child begins with the visually presented text defined in the visibleText to fix this issue.,"[{""className"":""\""android.widget.Button\""""},{""viewId"":""\""category-filter-chip-All\""""},{""frame"":""{\""x\"":48,\""y\"":285,\""width\"":149,\""height\"":107}""},{""visibleText"":""\""All\""""},{""text"":""\""\""""},{""accessible"":true},{""accessibilityLabel"":""\""Filter by All\""""},{""accessibilityHint"":""\""\""""},{""detectedLabel"":""\""selected, Filter by All, Button\""""},{""isCheckable"":false},{""accessibilityState"":""\""\""""}]",https://app-accessibility.browserstack.com/automated-tests/projects/4149340/builds/ANDROID+Session/1?thBuildId=wrz9clzrcfubqmwsuh92jwvjweufztcted7tynwr&activeTab=all_issues&locator=eyJzbmFwX2luZGV4IjozLCJydWxlX2lkIjoibGFiZWwtYXQtZnJvbnQiLCJpc3N1ZV9pbmRleCI6IjEwIn0=,https://www.browserstack.com/docs/app-accessibility/rule-repository/rules-list/label-at-front
Mobile App Accessibility Exploration, v,Accessibility Label at front,"As a best practice, text of the label should be at the start of the accessible name.",Best Practice,Minor,category-filter-chip-Sports,4,11,No,None,None,TRUE,FALSE,"{""visibleText"":""\""Sports\"""",""detectedLabel"":""\""Filter by Sports, Button\""""}",Ensure that accessibilityLabel or child begins with the visually presented text defined in the visibleText to fix this issue.,"[{""className"":""\""android.widget.Button\""""},{""viewId"":""\""category-filter-chip-Sports\""""},{""frame"":""{\""x\"":454,\""y\"":285,\""width\"":218,\""height\"":107}""},{""visibleText"":""\""Sports\""""},{""text"":""\""\""""},{""accessible"":true},{""accessibilityLabel"":""\""Filter by Sports\""""},{""accessibilityHint"":""\""\""""},{""detectedLabel"":""\""Filter by Sports, Button\""""},{""isCheckable"":false},{""accessibilityState"":""\""\""""}]",https://app-accessibility.browserstack.com/automated-tests/projects/4149340/builds/ANDROID+Session/1?thBuildId=wrz9clzrcfubqmwsuh92jwvjweufztcted7tynwr&activeTab=all_issues&locator=eyJzbmFwX2luZGV4IjozLCJydWxlX2lkIjoibGFiZWwtYXQtZnJvbnQiLCJpc3N1ZV9pbmRleCI6IjExIn0=,https://www.browserstack.com/docs/app-accessibility/rule-repository/rules-list/label-at-front
Mobile App Accessibility Exploration, v,Missing Heading,Ensure that text elements visually functioning as headings are programmatically marked as headings,WCAG 2.2-1.3.1 A,Moderate,N/A,4,12,No,None,None,FALSE,FALSE,"{""text"":""\""Events\"""",""isHeading"":false}",Ensure the elements serving as headings visually are programmatically marked as heading in respective frameworks,"[{""className"":""\""android.widget.TextView\""""},{""frame"":""{\""x\"":48,\""y\"":124,\""width\"":182,\""height\"":81}""},{""text"":""\""Events\""""},{""detectedLabel"":""\""\""""},{""accessible"":true},{""isHeading"":false}]",https://app-accessibility.browserstack.com/automated-tests/projects/4149340/builds/ANDROID+Session/1?thBuildId=wrz9clzrcfubqmwsuh92jwvjweufztcted7tynwr&activeTab=all_issues&locator=eyJzbmFwX2luZGV4IjozLCJydWxlX2lkIjoibWlzc2luZy1oZWFkaW5nIiwiaXNzdWVfaW5kZXgiOiIxMiJ9,https://www.browserstack.com/docs/app-accessibility/rule-repository/rules-list/content-structure/missing-heading
Mobile App Accessibility Exploration, v,Text Element Color Contrast (Minimum),Text elements should have a minimum contrast ratio with their background: 4.5:1 for small text and 3:1 for large text.,WCAG 2.2-1.4.3 AA,Serious,N/A,5,1,No,None,None,FALSE,FALSE,"{""detectedForegroundColor"":""\""#9A6B0A\"""",""detectedBackgroundColor"":""\""#FEF3DC\"""",""calculatedColorContrast"":4.25}",Adjust the color of the text element or its background to meet the specified minimum contrast ratio.,"[{""className"":""\""android.widget.TextView\""""},{""viewId"":null},{""frame"":""{\""x\"":505,\""y\"":1260,\""width\"":69,\""height\"":81}""},{""visibleText"":""\""16\""""},{""accessible"":true},{""detectedForegroundColor"":""\""#9A6B0A\""""},{""detectedBackgroundColor"":""\""#FEF3DC\""""},{""fontSize"":""\""\""""},{""isPotentiallyObscured"":false},{""calculatedColorContrast"":4.25}]",https://app-accessibility.browserstack.com/automated-tests/projects/4149340/builds/ANDROID+Session/1?thBuildId=wrz9clzrcfubqmwsuh92jwvjweufztcted7tynwr&activeTab=all_issues&locator=eyJzbmFwX2luZGV4Ijo0LCJydWxlX2lkIjoidGV4dC1jb2xvci1jb250cmFzdCIsImlzc3VlX2luZGV4IjoiMSJ9,https://www.browserstack.com/docs/app-accessibility/rule-repository/rules-list/text-element-color-contrast
Mobile App Accessibility Exploration, v,Text Element Color Contrast (Minimum),Text elements should have a minimum contrast ratio with their background: 4.5:1 for small text and 3:1 for large text.,WCAG 2.2-1.4.3 AA,Serious,N/A,5,2,No,None,None,FALSE,FALSE,"{""detectedForegroundColor"":""\""#9497AD\"""",""detectedBackgroundColor"":""\""#EEF0FA\"""",""calculatedColorContrast"":2.54}",Adjust the color of the text element or its background to meet the specified minimum contrast ratio.,"[{""className"":""\""android.widget.TextView\""""},{""viewId"":null},{""frame"":""{\""x\"":134,\""y\"":1347,\""width\"":140,\""height\"":44}""},{""visibleText"":""\""Standard\""""},{""accessible"":true},{""detectedForegroundColor"":""\""#9497AD\""""},{""detectedBackgroundColor"":""\""#EEF0FA\""""},{""fontSize"":""\""\""""},{""isPotentiallyObscured"":false},{""calculatedColorContrast"":2.54}]",https://app-accessibility.browserstack.com/automated-tests/projects/4149340/builds/ANDROID+Session/1?thBuildId=wrz9clzrcfubqmwsuh92jwvjweufztcted7tynwr&activeTab=all_issues&locator=eyJzbmFwX2luZGV4Ijo0LCJydWxlX2lkIjoidGV4dC1jb2xvci1jb250cmFzdCIsImlzc3VlX2luZGV4IjoiMiJ9,https://www.browserstack.com/docs/app-accessibility/rule-repository/rules-list/text-element-color-contrast
Mobile App Accessibility Exploration, v,Text Element Color Contrast (Minimum),Text elements should have a minimum contrast ratio with their background: 4.5:1 for small text and 3:1 for large text.,WCAG 2.2-1.4.3 AA,Serious,N/A,5,3,No,None,None,FALSE,FALSE,"{""detectedForegroundColor"":""\""#9497AD\"""",""detectedBackgroundColor"":""\""#FEF3DC\"""",""calculatedColorContrast"":2.62}",Adjust the color of the text element or its background to meet the specified minimum contrast ratio.,"[{""className"":""\""android.widget.TextView\""""},{""viewId"":null},{""frame"":""{\""x\"":512,\""y\"":1347,\""width\"":55,\""height\"":44}""},{""visibleText"":""\""VIP\""""},{""accessible"":true},{""detectedForegroundColor"":""\""#9497AD\""""},{""detectedBackgroundColor"":""\""#FEF3DC\""""},{""fontSize"":""\""\""""},{""isPotentiallyObscured"":false},{""calculatedColorContrast"":2.62}]",https://app-accessibility.browserstack.com/automated-tests/projects/4149340/builds/ANDROID+Session/1?thBuildId=wrz9clzrcfubqmwsuh92jwvjweufztcted7tynwr&activeTab=all_issues&locator=eyJzbmFwX2luZGV4Ijo0LCJydWxlX2lkIjoidGV4dC1jb2xvci1jb250cmFzdCIsImlzc3VlX2luZGV4IjoiMyJ9,https://www.browserstack.com/docs/app-accessibility/rule-repository/rules-list/text-element-color-contrast
Mobile App Accessibility Exploration, v,Text Element Color Contrast (Minimum),Text elements should have a minimum contrast ratio with their background: 4.5:1 for small text and 3:1 for large text.,WCAG 2.2-1.4.3 AA,Serious,N/A,5,4,No,None,None,FALSE,FALSE,"{""detectedForegroundColor"":""\""#9497AD\"""",""detectedBackgroundColor"":""\""#EEF0FA\"""",""calculatedColorContrast"":2.54}",Adjust the color of the text element or its background to meet the specified minimum contrast ratio.,"[{""className"":""\""android.widget.TextView\""""},{""viewId"":null},{""frame"":""{\""x\"":805,\""y\"":1347,\""width\"":141,\""height\"":44}""},{""visibleText"":""\""of 40 left\""""},{""accessible"":true},{""detectedForegroundColor"":""\""#9497AD\""""},{""detectedBackgroundColor"":""\""#EEF0FA\""""},{""fontSize"":""\""\""""},{""isPotentiallyObscured"":false},{""calculatedColorContrast"":2.54}]",https://app-accessibility.browserstack.com/automated-tests/projects/4149340/builds/ANDROID+Session/1?thBuildId=wrz9clzrcfubqmwsuh92jwvjweufztcted7tynwr&activeTab=all_issues&locator=eyJzbmFwX2luZGV4Ijo0LCJydWxlX2lkIjoidGV4dC1jb2xvci1jb250cmFzdCIsImlzc3VlX2luZGV4IjoiNCJ9,https://www.browserstack.com/docs/app-accessibility/rule-repository/rules-list/text-element-color-contrast
Mobile App Accessibility Exploration, v,Missing Heading,Ensure that text elements visually functioning as headings are programmatically marked as headings,WCAG 2.2-1.3.1 A,Moderate,event-details-title,5,5,No,None,None,FALSE,FALSE,"{""text"":""\""Neon Skyline\"""",""isHeading"":false}",Ensure the elements serving as headings visually are programmatically marked as heading in respective frameworks,"[{""className"":""\""android.widget.TextView\""""},{""frame"":""{\""x\"":48,\""y\"":407,\""width\"":984,\""height\"":105}""},{""text"":""\""Neon Skyline\""""},{""detectedLabel"":""\""\""""},{""accessible"":true},{""isHeading"":false}]",https://app-accessibility.browserstack.com/automated-tests/projects/4149340/builds/ANDROID+Session/1?thBuildId=wrz9clzrcfubqmwsuh92jwvjweufztcted7tynwr&activeTab=all_issues&locator=eyJzbmFwX2luZGV4Ijo0LCJydWxlX2lkIjoibWlzc2luZy1oZWFkaW5nIiwiaXNzdWVfaW5kZXgiOiI1In0=,https://www.browserstack.com/docs/app-accessibility/rule-repository/rules-list/content-structure/missing-heading
Mobile App Accessibility Exploration, v,Missing Heading,Ensure that text elements visually functioning as headings are programmatically marked as headings,WCAG 2.2-1.3.1 A,Moderate,N/A,5,6,No,None,None,FALSE,FALSE,"{""text"":""\""SEATING\"""",""isHeading"":false}",Ensure the elements serving as headings visually are programmatically marked as heading in respective frameworks,"[{""className"":""\""android.widget.TextView\""""},{""frame"":""{\""x\"":48,\""y\"":1147,\""width\"":984,\""height\"":53}""},{""text"":""\""SEATING\""""},{""detectedLabel"":""\""\""""},{""accessible"":true},{""isHeading"":false}]",https://app-accessibility.browserstack.com/automated-tests/projects/4149340/builds/ANDROID+Session/1?thBuildId=wrz9clzrcfubqmwsuh92jwvjweufztcted7tynwr&activeTab=all_issues&locator=eyJzbmFwX2luZGV4Ijo0LCJydWxlX2lkIjoibWlzc2luZy1oZWFkaW5nIiwiaXNzdWVfaW5kZXgiOiI2In0=,https://www.browserstack.com/docs/app-accessibility/rule-repository/rules-list/content-structure/missing-heading
Mobile App Accessibility Exploration, v,Missing Heading,Ensure that text elements visually functioning as headings are programmatically marked as headings,WCAG 2.2-1.3.1 A,Moderate,N/A,5,7,No,None,None,FALSE,FALSE,"{""text"":""\""ABOUT THIS EVENT\"""",""isHeading"":false}",Ensure the elements serving as headings visually are programmatically marked as heading in respective frameworks,"[{""className"":""\""android.widget.TextView\""""},{""frame"":""{\""x\"":48,\""y\"":824,\""width\"":984,\""height\"":53}""},{""text"":""\""ABOUT THIS EVENT\""""},{""detectedLabel"":""\""\""""},{""accessible"":true},{""isHeading"":false}]",https://app-accessibility.browserstack.com/automated-tests/projects/4149340/builds/ANDROID+Session/1?thBuildId=wrz9clzrcfubqmwsuh92jwvjweufztcted7tynwr&activeTab=all_issues&locator=eyJzbmFwX2luZGV4Ijo0LCJydWxlX2lkIjoibWlzc2luZy1oZWFkaW5nIiwiaXNzdWVfaW5kZXgiOiI3In0=,https://www.browserstack.com/docs/app-accessibility/rule-repository/rules-list/content-structure/missing-heading
Mobile App Accessibility Exploration, v,Text Element Color Contrast (Minimum),Text elements should have a minimum contrast ratio with their background: 4.5:1 for small text and 3:1 for large text.,WCAG 2.2-1.4.3 AA,Serious,N/A,6,1,No,None,None,FALSE,FALSE,"{""detectedForegroundColor"":""\""#F5B942\"""",""detectedBackgroundColor"":""\""#4A4FBF\"""",""calculatedColorContrast"":3.76}",Adjust the color of the text element or its background to meet the specified minimum contrast ratio.,"[{""className"":""\""android.widget.TextView\""""},{""viewId"":null},{""frame"":""{\""x\"":781,\""y\"":671,\""width\"":21,\""height\"":49}""},{""visibleText"":""\""6\""""},{""accessible"":true},{""detectedForegroundColor"":""\""#F5B942\""""},{""detectedBackgroundColor"":""\""#4A4FBF\""""},{""fontSize"":""\""12.0\""""},{""isPotentiallyObscured"":false},{""calculatedColorContrast"":3.76}]",https://app-accessibility.browserstack.com/automated-tests/projects/4149340/builds/ANDROID+Session/1?thBuildId=wrz9clzrcfubqmwsuh92jwvjweufztcted7tynwr&activeTab=all_issues&locator=eyJzbmFwX2luZGV4Ijo1LCJydWxlX2lkIjoidGV4dC1jb2xvci1jb250cmFzdCIsImlzc3VlX2luZGV4IjoiMSJ9,https://www.browserstack.com/docs/app-accessibility/rule-repository/rules-list/text-element-color-contrast
Mobile App Accessibility Exploration, v,Text Element Color Contrast (Minimum),Text elements should have a minimum contrast ratio with their background: 4.5:1 for small text and 3:1 for large text.,WCAG 2.2-1.4.3 AA,Serious,N/A,6,2,No,None,None,FALSE,FALSE,"{""detectedForegroundColor"":""\""#4A4FBF\"""",""detectedBackgroundColor"":""\""#F5B942\"""",""calculatedColorContrast"":3.76}",Adjust the color of the text element or its background to meet the specified minimum contrast ratio.,"[{""className"":""\""android.widget.TextView\""""},{""viewId"":null},{""frame"":""{\""x\"":61,\""y\"":671,\""width\"":21,\""height\"":49}""},{""visibleText"":""\""1\""""},{""accessible"":true},{""detectedForegroundColor"":""\""#4A4FBF\""""},{""detectedBackgroundColor"":""\""#F5B942\""""},{""fontSize"":""\""12.0\""""},{""isPotentiallyObscured"":false},{""calculatedColorContrast"":3.76}]",https://app-accessibility.browserstack.com/automated-tests/projects/4149340/builds/ANDROID+Session/1?thBuildId=wrz9clzrcfubqmwsuh92jwvjweufztcted7tynwr&activeTab=all_issues&locator=eyJzbmFwX2luZGV4Ijo1LCJydWxlX2lkIjoidGV4dC1jb2xvci1jb250cmFzdCIsImlzc3VlX2luZGV4IjoiMiJ9,https://www.browserstack.com/docs/app-accessibility/rule-repository/rules-list/text-element-color-contrast
Mobile App Accessibility Exploration, v,Text Element Color Contrast (Minimum),Text elements should have a minimum contrast ratio with their background: 4.5:1 for small text and 3:1 for large text.,WCAG 2.2-1.4.3 AA,Serious,N/A,6,3,No,None,None,FALSE,FALSE,"{""detectedForegroundColor"":""\""#F5B942\"""",""detectedBackgroundColor"":""\""#4A4FBF\"""",""calculatedColorContrast"":3.76}",Adjust the color of the text element or its background to meet the specified minimum contrast ratio.,"[{""className"":""\""android.widget.TextView\""""},{""viewId"":null},{""frame"":""{\""x\"":349,\""y\"":671,\""width\"":21,\""height\"":49}""},{""visibleText"":""\""3\""""},{""accessible"":true},{""detectedForegroundColor"":""\""#F5B942\""""},{""detectedBackgroundColor"":""\""#4A4FBF\""""},{""fontSize"":""\""12.0\""""},{""isPotentiallyObscured"":false},{""calculatedColorContrast"":3.76}]",https://app-accessibility.browserstack.com/automated-tests/projects/4149340/builds/ANDROID+Session/1?thBuildId=wrz9clzrcfubqmwsuh92jwvjweufztcted7tynwr&activeTab=all_issues&locator=eyJzbmFwX2luZGV4Ijo1LCJydWxlX2lkIjoidGV4dC1jb2xvci1jb250cmFzdCIsImlzc3VlX2luZGV4IjoiMyJ9,https://www.browserstack.com/docs/app-accessibility/rule-repository/rules-list/text-element-color-contrast
Mobile App Accessibility Exploration, v,Text Element Color Contrast (Minimum),Text elements should have a minimum contrast ratio with their background: 4.5:1 for small text and 3:1 for large text.,WCAG 2.2-1.4.3 AA,Serious,N/A,6,4,No,None,None,FALSE,FALSE,"{""detectedForegroundColor"":""\""#F5B942\"""",""detectedBackgroundColor"":""\""#4A4FBF\"""",""calculatedColorContrast"":3.76}",Adjust the color of the text element or its background to meet the specified minimum contrast ratio.,"[{""className"":""\""android.widget.TextView\""""},{""viewId"":null},{""frame"":""{\""x\"":781,\""y\"":815,\""width\"":21,\""height\"":49}""},{""visibleText"":""\""6\""""},{""accessible"":true},{""detectedForegroundColor"":""\""#F5B942\""""},{""detectedBackgroundColor"":""\""#4A4FBF\""""},{""fontSize"":""\""12.0\""""},{""isPotentiallyObscured"":false},{""calculatedColorContrast"":3.76}]",https://app-accessibility.browserstack.com/automated-tests/projects/4149340/builds/ANDROID+Session/1?thBuildId=wrz9clzrcfubqmwsuh92jwvjweufztcted7tynwr&activeTab=all_issues&locator=eyJzbmFwX2luZGV4Ijo1LCJydWxlX2lkIjoidGV4dC1jb2xvci1jb250cmFzdCIsImlzc3VlX2luZGV4IjoiNCJ9,https://www.browserstack.com/docs/app-accessibility/rule-repository/rules-list/text-element-color-contrast
Mobile App Accessibility Exploration, v,Text Element Color Contrast (Minimum),Text elements should have a minimum contrast ratio with their background: 4.5:1 for small text and 3:1 for large text.,WCAG 2.2-1.4.3 AA,Serious,seat-selection-max-note,6,5,No,None,None,FALSE,FALSE,"{""detectedForegroundColor"":""\""#9497AD\"""",""detectedBackgroundColor"":""\""#FFFFFF\"""",""calculatedColorContrast"":2.88}",Adjust the color of the text element or its background to meet the specified minimum contrast ratio.,"[{""className"":""\""android.widget.TextView\""""},{""viewId"":""\""seat-selection-max-note\""""},{""frame"":""{\""x\"":48,\""y\"":371,\""width\"":376,\""height\"":53}""},{""visibleText"":""\""Select up to 10 seats.\""""},{""accessible"":true},{""detectedForegroundColor"":""\""#9497AD\""""},{""detectedBackgroundColor"":""\""#FFFFFF\""""},{""fontSize"":""\""13.0\""""},{""isPotentiallyObscured"":false},{""calculatedColorContrast"":2.88}]",https://app-accessibility.browserstack.com/automated-tests/projects/4149340/builds/ANDROID+Session/1?thBuildId=wrz9clzrcfubqmwsuh92jwvjweufztcted7tynwr&activeTab=all_issues&locator=eyJzbmFwX2luZGV4Ijo1LCJydWxlX2lkIjoidGV4dC1jb2xvci1jb250cmFzdCIsImlzc3VlX2luZGV4IjoiNSJ9,https://www.browserstack.com/docs/app-accessibility/rule-repository/rules-list/text-element-color-contrast
Mobile App Accessibility Exploration, v,Text Element Color Contrast (Minimum),Text elements should have a minimum contrast ratio with their background: 4.5:1 for small text and 3:1 for large text.,WCAG 2.2-1.4.3 AA,Serious,N/A,6,6,No,None,None,FALSE,FALSE,"{""detectedForegroundColor"":""\""#F5B942\"""",""detectedBackgroundColor"":""\""#4A4FBF\"""",""calculatedColorContrast"":3.76}",Adjust the color of the text element or its background to meet the specified minimum contrast ratio.,"[{""className"":""\""android.widget.TextView\""""},{""viewId"":null},{""frame"":""{\""x\"":349,\""y\"":815,\""width\"":21,\""height\"":49}""},{""visibleText"":""\""3\""""},{""accessible"":true},{""detectedForegroundColor"":""\""#F5B942\""""},{""detectedBackgroundColor"":""\""#4A4FBF\""""},{""fontSize"":""\""12.0\""""},{""isPotentiallyObscured"":false},{""calculatedColorContrast"":3.76}]",https://app-accessibility.browserstack.com/automated-tests/projects/4149340/builds/ANDROID+Session/1?thBuildId=wrz9clzrcfubqmwsuh92jwvjweufztcted7tynwr&activeTab=all_issues&locator=eyJzbmFwX2luZGV4Ijo1LCJydWxlX2lkIjoidGV4dC1jb2xvci1jb250cmFzdCIsImlzc3VlX2luZGV4IjoiNiJ9,https://www.browserstack.com/docs/app-accessibility/rule-repository/rules-list/text-element-color-contrast
Mobile App Accessibility Exploration, v,Text Element Color Contrast (Minimum),Text elements should have a minimum contrast ratio with their background: 4.5:1 for small text and 3:1 for large text.,WCAG 2.2-1.4.3 AA,Serious,N/A,6,7,No,None,None,FALSE,FALSE,"{""detectedForegroundColor"":""\""#4A4FBF\"""",""detectedBackgroundColor"":""\""#F5B942\"""",""calculatedColorContrast"":3.76}",Adjust the color of the text element or its background to meet the specified minimum contrast ratio.,"[{""className"":""\""android.widget.TextView\""""},{""viewId"":null},{""frame"":""{\""x\"":205,\""y\"":671,\""width\"":21,\""height\"":49}""},{""visibleText"":""\""2\""""},{""accessible"":true},{""detectedForegroundColor"":""\""#4A4FBF\""""},{""detectedBackgroundColor"":""\""#F5B942\""""},{""fontSize"":""\""12.0\""""},{""isPotentiallyObscured"":false},{""calculatedColorContrast"":3.76}]",https://app-accessibility.browserstack.com/automated-tests/projects/4149340/builds/ANDROID+Session/1?thBuildId=wrz9clzrcfubqmwsuh92jwvjweufztcted7tynwr&activeTab=all_issues&locator=eyJzbmFwX2luZGV4Ijo1LCJydWxlX2lkIjoidGV4dC1jb2xvci1jb250cmFzdCIsImlzc3VlX2luZGV4IjoiNyJ9,https://www.browserstack.com/docs/app-accessibility/rule-repository/rules-list/text-element-color-contrast
Mobile App Accessibility Exploration, v,Text Element Color Contrast (Minimum),Text elements should have a minimum contrast ratio with their background: 4.5:1 for small text and 3:1 for large text.,WCAG 2.2-1.4.3 AA,Serious,N/A,6,8,No,None,None,FALSE,FALSE,"{""detectedForegroundColor"":""\""#4A4FBF\"""",""detectedBackgroundColor"":""\""#F5B942\"""",""calculatedColorContrast"":3.76}",Adjust the color of the text element or its background to meet the specified minimum contrast ratio.,"[{""className"":""\""android.widget.TextView\""""},{""viewId"":null},{""frame"":""{\""x\"":925,\""y\"":671,\""width\"":21,\""height\"":49}""},{""visibleText"":""\""7\""""},{""accessible"":true},{""detectedForegroundColor"":""\""#4A4FBF\""""},{""detectedBackgroundColor"":""\""#F5B942\""""},{""fontSize"":""\""12.0\""""},{""isPotentiallyObscured"":false},{""calculatedColorContrast"":3.76}]",https://app-accessibility.browserstack.com/automated-tests/projects/4149340/builds/ANDROID+Session/1?thBuildId=wrz9clzrcfubqmwsuh92jwvjweufztcted7tynwr&activeTab=all_issues&locator=eyJzbmFwX2luZGV4Ijo1LCJydWxlX2lkIjoidGV4dC1jb2xvci1jb250cmFzdCIsImlzc3VlX2luZGV4IjoiOCJ9,https://www.browserstack.com/docs/app-accessibility/rule-repository/rules-list/text-element-color-contrast
Mobile App Accessibility Exploration, v,Text Element Color Contrast (Minimum),Text elements should have a minimum contrast ratio with their background: 4.5:1 for small text and 3:1 for large text.,WCAG 2.2-1.4.3 AA,Serious,N/A,6,9,No,None,None,FALSE,FALSE,"{""detectedForegroundColor"":""\""#F5B942\"""",""detectedBackgroundColor"":""\""#4A4FBF\"""",""calculatedColorContrast"":3.76}",Adjust the color of the text element or its background to meet the specified minimum contrast ratio.,"[{""className"":""\""android.widget.TextView\""""},{""viewId"":null},{""frame"":""{\""x\"":637,\""y\"":671,\""width\"":21,\""height\"":49}""},{""visibleText"":""\""5\""""},{""accessible"":true},{""detectedForegroundColor"":""\""#F5B942\""""},{""detectedBackgroundColor"":""\""#4A4FBF\""""},{""fontSize"":""\""12.0\""""},{""isPotentiallyObscured"":false},{""calculatedColorContrast"":3.76}]",https://app-accessibility.browserstack.com/automated-tests/projects/4149340/builds/ANDROID+Session/1?thBuildId=wrz9clzrcfubqmwsuh92jwvjweufztcted7tynwr&activeTab=all_issues&locator=eyJzbmFwX2luZGV4Ijo1LCJydWxlX2lkIjoidGV4dC1jb2xvci1jb250cmFzdCIsImlzc3VlX2luZGV4IjoiOSJ9,https://www.browserstack.com/docs/app-accessibility/rule-repository/rules-list/text-element-color-contrast
Mobile App Accessibility Exploration, v,Text Element Color Contrast (Minimum),Text elements should have a minimum contrast ratio with their background: 4.5:1 for small text and 3:1 for large text.,WCAG 2.2-1.4.3 AA,Serious,N/A,6,10,No,None,None,FALSE,FALSE,"{""detectedForegroundColor"":""\""#4A4FBF\"""",""detectedBackgroundColor"":""\""#F5B942\"""",""calculatedColorContrast"":3.76}",Adjust the color of the text element or its background to meet the specified minimum contrast ratio.,"[{""className"":""\""android.widget.TextView\""""},{""viewId"":null},{""frame"":""{\""x\"":61,\""y\"":815,\""width\"":21,\""height\"":49}""},{""visibleText"":""\""1\""""},{""accessible"":true},{""detectedForegroundColor"":""\""#4A4FBF\""""},{""detectedBackgroundColor"":""\""#F5B942\""""},{""fontSize"":""\""12.0\""""},{""isPotentiallyObscured"":false},{""calculatedColorContrast"":3.76}]",https://app-accessibility.browserstack.com/automated-tests/projects/4149340/builds/ANDROID+Session/1?thBuildId=wrz9clzrcfubqmwsuh92jwvjweufztcted7tynwr&activeTab=all_issues&locator=eyJzbmFwX2luZGV4Ijo1LCJydWxlX2lkIjoidGV4dC1jb2xvci1jb250cmFzdCIsImlzc3VlX2luZGV4IjoiMTAifQ==,https://www.browserstack.com/docs/app-accessibility/rule-repository/rules-list/text-element-color-contrast
Mobile App Accessibility Exploration, v,Text Element Color Contrast (Minimum),Text elements should have a minimum contrast ratio with their background: 4.5:1 for small text and 3:1 for large text.,WCAG 2.2-1.4.3 AA,Serious,N/A,6,11,No,None,None,FALSE,FALSE,"{""detectedForegroundColor"":""\""#4A4FBF\"""",""detectedBackgroundColor"":""\""#F5B942\"""",""calculatedColorContrast"":3.76}",Adjust the color of the text element or its background to meet the specified minimum contrast ratio.,"[{""className"":""\""android.widget.TextView\""""},{""viewId"":null},{""frame"":""{\""x\"":493,\""y\"":815,\""width\"":21,\""height\"":49}""},{""visibleText"":""\""4\""""},{""accessible"":true},{""detectedForegroundColor"":""\""#4A4FBF\""""},{""detectedBackgroundColor"":""\""#F5B942\""""},{""fontSize"":""\""12.0\""""},{""isPotentiallyObscured"":false},{""calculatedColorContrast"":3.76}]",https://app-accessibility.browserstack.com/automated-tests/projects/4149340/builds/ANDROID+Session/1?thBuildId=wrz9clzrcfubqmwsuh92jwvjweufztcted7tynwr&activeTab=all_issues&locator=eyJzbmFwX2luZGV4Ijo1LCJydWxlX2lkIjoidGV4dC1jb2xvci1jb250cmFzdCIsImlzc3VlX2luZGV4IjoiMTEifQ==,https://www.browserstack.com/docs/app-accessibility/rule-repository/rules-list/text-element-color-contrast
Mobile App Accessibility Exploration, v,Text Element Color Contrast (Minimum),Text elements should have a minimum contrast ratio with their background: 4.5:1 for small text and 3:1 for large text.,WCAG 2.2-1.4.3 AA,Serious,N/A,6,12,No,None,None,FALSE,FALSE,"{""detectedForegroundColor"":""\""#9497AD\"""",""detectedBackgroundColor"":""\""#EEF0FA\"""",""calculatedColorContrast"":2.54}",Adjust the color of the text element or its background to meet the specified minimum contrast ratio.,"[{""className"":""\""android.widget.TextView\""""},{""viewId"":null},{""frame"":""{\""x\"":467,\""y\"":508,\""width\"":147,\""height\"":44}""},{""visibleText"":""\""STAGE\""""},{""accessible"":true},{""detectedForegroundColor"":""\""#9497AD\""""},{""detectedBackgroundColor"":""\""#EEF0FA\""""},{""fontSize"":""\""11.0\""""},{""isPotentiallyObscured"":false},{""calculatedColorContrast"":2.54}]",https://app-accessibility.browserstack.com/automated-tests/projects/4149340/builds/ANDROID+Session/1?thBuildId=wrz9clzrcfubqmwsuh92jwvjweufztcted7tynwr&activeTab=all_issues&locator=eyJzbmFwX2luZGV4Ijo1LCJydWxlX2lkIjoidGV4dC1jb2xvci1jb250cmFzdCIsImlzc3VlX2luZGV4IjoiMTIifQ==,https://www.browserstack.com/docs/app-accessibility/rule-repository/rules-list/text-element-color-contrast
Mobile App Accessibility Exploration, v,Text Element Color Contrast (Minimum),Text elements should have a minimum contrast ratio with their background: 4.5:1 for small text and 3:1 for large text.,WCAG 2.2-1.4.3 AA,Serious,N/A,6,13,No,None,None,FALSE,FALSE,"{""detectedForegroundColor"":""\""#4A4FBF\"""",""detectedBackgroundColor"":""\""#F5B942\"""",""calculatedColorContrast"":3.76}",Adjust the color of the text element or its background to meet the specified minimum contrast ratio.,"[{""className"":""\""android.widget.TextView\""""},{""viewId"":null},{""frame"":""{\""x\"":493,\""y\"":671,\""width\"":21,\""height\"":49}""},{""visibleText"":""\""4\""""},{""accessible"":true},{""detectedForegroundColor"":""\""#4A4FBF\""""},{""detectedBackgroundColor"":""\""#F5B942\""""},{""fontSize"":""\""12.0\""""},{""isPotentiallyObscured"":false},{""calculatedColorContrast"":3.76}]",https://app-accessibility.browserstack.com/automated-tests/projects/4149340/builds/ANDROID+Session/1?thBuildId=wrz9clzrcfubqmwsuh92jwvjweufztcted7tynwr&activeTab=all_issues&locator=eyJzbmFwX2luZGV4Ijo1LCJydWxlX2lkIjoidGV4dC1jb2xvci1jb250cmFzdCIsImlzc3VlX2luZGV4IjoiMTMifQ==,https://www.browserstack.com/docs/app-accessibility/rule-repository/rules-list/text-element-color-contrast
Mobile App Accessibility Exploration, v,Text Element Color Contrast (Minimum),Text elements should have a minimum contrast ratio with their background: 4.5:1 for small text and 3:1 for large text.,WCAG 2.2-1.4.3 AA,Serious,N/A,6,14,No,None,None,FALSE,FALSE,"{""detectedForegroundColor"":""\""#4A4FBF\"""",""detectedBackgroundColor"":""\""#F5B942\"""",""calculatedColorContrast"":3.76}",Adjust the color of the text element or its background to meet the specified minimum contrast ratio.,"[{""className"":""\""android.widget.TextView\""""},{""viewId"":null},{""frame"":""{\""x\"":205,\""y\"":815,\""width\"":21,\""height\"":49}""},{""visibleText"":""\""2\""""},{""accessible"":true},{""detectedForegroundColor"":""\""#4A4FBF\""""},{""detectedBackgroundColor"":""\""#F5B942\""""},{""fontSize"":""\""12.0\""""},{""isPotentiallyObscured"":false},{""calculatedColorContrast"":3.76}]",https://app-accessibility.browserstack.com/automated-tests/projects/4149340/builds/ANDROID+Session/1?thBuildId=wrz9clzrcfubqmwsuh92jwvjweufztcted7tynwr&activeTab=all_issues&locator=eyJzbmFwX2luZGV4Ijo1LCJydWxlX2lkIjoidGV4dC1jb2xvci1jb250cmFzdCIsImlzc3VlX2luZGV4IjoiMTQifQ==,https://www.browserstack.com/docs/app-accessibility/rule-repository/rules-list/text-element-color-contrast
Mobile App Accessibility Exploration, v,Text Element Color Contrast (Minimum),Text elements should have a minimum contrast ratio with their background: 4.5:1 for small text and 3:1 for large text.,WCAG 2.2-1.4.3 AA,Serious,N/A,6,15,No,None,None,FALSE,FALSE,"{""detectedForegroundColor"":""\""#4A4FBF\"""",""detectedBackgroundColor"":""\""#F5B942\"""",""calculatedColorContrast"":3.76}",Adjust the color of the text element or its background to meet the specified minimum contrast ratio.,"[{""className"":""\""android.widget.TextView\""""},{""viewId"":null},{""frame"":""{\""x\"":925,\""y\"":815,\""width\"":21,\""height\"":49}""},{""visibleText"":""\""7\""""},{""accessible"":true},{""detectedForegroundColor"":""\""#4A4FBF\""""},{""detectedBackgroundColor"":""\""#F5B942\""""},{""fontSize"":""\""12.0\""""},{""isPotentiallyObscured"":false},{""calculatedColorContrast"":3.76}]",https://app-accessibility.browserstack.com/automated-tests/projects/4149340/builds/ANDROID+Session/1?thBuildId=wrz9clzrcfubqmwsuh92jwvjweufztcted7tynwr&activeTab=all_issues&locator=eyJzbmFwX2luZGV4Ijo1LCJydWxlX2lkIjoidGV4dC1jb2xvci1jb250cmFzdCIsImlzc3VlX2luZGV4IjoiMTUifQ==,https://www.browserstack.com/docs/app-accessibility/rule-repository/rules-list/text-element-color-contrast
Mobile App Accessibility Exploration, v,Text Element Color Contrast (Minimum),Text elements should have a minimum contrast ratio with their background: 4.5:1 for small text and 3:1 for large text.,WCAG 2.2-1.4.3 AA,Serious,N/A,6,16,No,None,None,FALSE,FALSE,"{""detectedForegroundColor"":""\""#F5B942\"""",""detectedBackgroundColor"":""\""#4A4FBF\"""",""calculatedColorContrast"":3.76}",Adjust the color of the text element or its background to meet the specified minimum contrast ratio.,"[{""className"":""\""android.widget.TextView\""""},{""viewId"":null},{""frame"":""{\""x\"":637,\""y\"":815,\""width\"":21,\""height\"":49}""},{""visibleText"":""\""5\""""},{""accessible"":true},{""detectedForegroundColor"":""\""#F5B942\""""},{""detectedBackgroundColor"":""\""#4A4FBF\""""},{""fontSize"":""\""12.0\""""},{""isPotentiallyObscured"":false},{""calculatedColorContrast"":3.76}]",https://app-accessibility.browserstack.com/automated-tests/projects/4149340/builds/ANDROID+Session/1?thBuildId=wrz9clzrcfubqmwsuh92jwvjweufztcted7tynwr&activeTab=all_issues&locator=eyJzbmFwX2luZGV4Ijo1LCJydWxlX2lkIjoidGV4dC1jb2xvci1jb250cmFzdCIsImlzc3VlX2luZGV4IjoiMTYifQ==,https://www.browserstack.com/docs/app-accessibility/rule-repository/rules-list/text-element-color-contrast
Mobile App Accessibility Exploration, v,Touch Target Size,"Ensure that each interactive UI element has a focusable area, or touch target size, of at least 44x44 dp, logical pixels or equivalent",WCAG 2.2-2.5.5 AAA,Serious,seat-C5,6,17,No,None,None,FALSE,FALSE,"{""calculatedWidth"":""\""40\"""",""calculatedHeight"":""\""40\""""}",Users with motor limitations will find it difficult to accurately activate elements with the observed touch target size of '40 x 40'. The expected touch target size should be at minimum '44 x 44' to ensure accessibility and ease of use for all users.,"[{""className"":""\""android.widget.Button\""""},{""viewId"":""\""seat-C5\""""},{""frame"":""{\""x\"":588,\""y\"":924,\""width\"":120,\""height\"":120}""},{""visibleText"":""\""\""""},{""accessible"":true},{""isVisibleToUser"":true},{""isClickable"":true},{""isLongClickable"":false},{""screenWidth"":""\""\""""},{""screenHeight"":""\""\""""},{""screenDotsPerInch"":""\""\""""},{""calculatedWidth"":""\""40\""""},{""calculatedHeight"":""\""40\""""}]",https://app-accessibility.browserstack.com/automated-tests/projects/4149340/builds/ANDROID+Session/1?thBuildId=wrz9clzrcfubqmwsuh92jwvjweufztcted7tynwr&activeTab=all_issues&locator=eyJzbmFwX2luZGV4Ijo1LCJydWxlX2lkIjoidG91Y2gtdGFyZ2V0LXNpemUiLCJpc3N1ZV9pbmRleCI6IjE3In0=,https://www.browserstack.com/docs/app-accessibility/rule-repository/rules-list/touch-target-size
Mobile App Accessibility Exploration, v,Touch Target Size,"Ensure that each interactive UI element has a focusable area, or touch target size, of at least 44x44 dp, logical pixels or equivalent",WCAG 2.2-2.5.5 AAA,Serious,seat-D4,6,18,No,None,None,FALSE,FALSE,"{""calculatedWidth"":""\""40\"""",""calculatedHeight"":""\""40\""""}",Users with motor limitations will find it difficult to accurately activate elements with the observed touch target size of '40 x 40'. The expected touch target size should be at minimum '44 x 44' to ensure accessibility and ease of use for all users.,"[{""className"":""\""android.widget.Button\""""},{""viewId"":""\""seat-D4\""""},{""frame"":""{\""x\"":444,\""y\"":1068,\""width\"":120,\""height\"":120}""},{""visibleText"":""\""\""""},{""accessible"":true},{""isVisibleToUser"":true},{""isClickable"":true},{""isLongClickable"":false},{""screenWidth"":""\""\""""},{""screenHeight"":""\""\""""},{""screenDotsPerInch"":""\""\""""},{""calculatedWidth"":""\""40\""""},{""calculatedHeight"":""\""40\""""}]",https://app-accessibility.browserstack.com/automated-tests/projects/4149340/builds/ANDROID+Session/1?thBuildId=wrz9clzrcfubqmwsuh92jwvjweufztcted7tynwr&activeTab=all_issues&locator=eyJzbmFwX2luZGV4Ijo1LCJydWxlX2lkIjoidG91Y2gtdGFyZ2V0LXNpemUiLCJpc3N1ZV9pbmRleCI6IjE4In0=,https://www.browserstack.com/docs/app-accessibility/rule-repository/rules-list/touch-target-size
Mobile App Accessibility Exploration, v,Touch Target Size,"Ensure that each interactive UI element has a focusable area, or touch target size, of at least 44x44 dp, logical pixels or equivalent",WCAG 2.2-2.5.5 AAA,Serious,seat-C1,6,19,No,None,None,FALSE,FALSE,"{""calculatedWidth"":""\""40\"""",""calculatedHeight"":""\""40\""""}",Users with motor limitations will find it difficult to accurately activate elements with the observed touch target size of '40 x 40'. The expected touch target size should be at minimum '44 x 44' to ensure accessibility and ease of use for all users.,"[{""className"":""\""android.widget.Button\""""},{""viewId"":""\""seat-C1\""""},{""frame"":""{\""x\"":12,\""y\"":924,\""width\"":120,\""height\"":120}""},{""visibleText"":""\""\""""},{""accessible"":true},{""isVisibleToUser"":true},{""isClickable"":true},{""isLongClickable"":false},{""screenWidth"":""\""\""""},{""screenHeight"":""\""\""""},{""screenDotsPerInch"":""\""\""""},{""calculatedWidth"":""\""40\""""},{""calculatedHeight"":""\""40\""""}]",https://app-accessibility.browserstack.com/automated-tests/projects/4149340/builds/ANDROID+Session/1?thBuildId=wrz9clzrcfubqmwsuh92jwvjweufztcted7tynwr&activeTab=all_issues&locator=eyJzbmFwX2luZGV4Ijo1LCJydWxlX2lkIjoidG91Y2gtdGFyZ2V0LXNpemUiLCJpc3N1ZV9pbmRleCI6IjE5In0=,https://www.browserstack.com/docs/app-accessibility/rule-repository/rules-list/touch-target-size
Mobile App Accessibility Exploration, v,Touch Target Size,"Ensure that each interactive UI element has a focusable area, or touch target size, of at least 44x44 dp, logical pixels or equivalent",WCAG 2.2-2.5.5 AAA,Serious,seat-D8,6,20,No,None,None,FALSE,FALSE,"{""calculatedWidth"":""\""20\"""",""calculatedHeight"":""\""40\""""}",Users with motor limitations will find it difficult to accurately activate elements with the observed touch target size of '20 x 40'. The expected touch target size should be at minimum '44 x 44' to ensure accessibility and ease of use for all users.,"[{""className"":""\""android.widget.Button\""""},{""viewId"":""\""seat-D8\""""},{""frame"":""{\""x\"":1020,\""y\"":1068,\""width\"":60,\""height\"":120}""},{""visibleText"":""\""\""""},{""accessible"":true},{""isVisibleToUser"":true},{""isClickable"":true},{""isLongClickable"":false},{""screenWidth"":""\""\""""},{""screenHeight"":""\""\""""},{""screenDotsPerInch"":""\""\""""},{""calculatedWidth"":""\""20\""""},{""calculatedHeight"":""\""40\""""}]",https://app-accessibility.browserstack.com/automated-tests/projects/4149340/builds/ANDROID+Session/1?thBuildId=wrz9clzrcfubqmwsuh92jwvjweufztcted7tynwr&activeTab=all_issues&locator=eyJzbmFwX2luZGV4Ijo1LCJydWxlX2lkIjoidG91Y2gtdGFyZ2V0LXNpemUiLCJpc3N1ZV9pbmRleCI6IjIwIn0=,https://www.browserstack.com/docs/app-accessibility/rule-repository/rules-list/touch-target-size
Mobile App Accessibility Exploration, v,Touch Target Size,"Ensure that each interactive UI element has a focusable area, or touch target size, of at least 44x44 dp, logical pixels or equivalent",WCAG 2.2-2.5.5 AAA,Serious,seat-E3,6,21,No,None,None,FALSE,FALSE,"{""calculatedWidth"":""\""40\"""",""calculatedHeight"":""\""40\""""}",Users with motor limitations will find it difficult to accurately activate elements with the observed touch target size of '40 x 40'. The expected touch target size should be at minimum '44 x 44' to ensure accessibility and ease of use for all users.,"[{""className"":""\""android.widget.Button\""""},{""viewId"":""\""seat-E3\""""},{""frame"":""{\""x\"":300,\""y\"":1212,\""width\"":120,\""height\"":120}""},{""visibleText"":""\""\""""},{""accessible"":true},{""isVisibleToUser"":true},{""isClickable"":true},{""isLongClickable"":false},{""screenWidth"":""\""\""""},{""screenHeight"":""\""\""""},{""screenDotsPerInch"":""\""\""""},{""calculatedWidth"":""\""40\""""},{""calculatedHeight"":""\""40\""""}]",https://app-accessibility.browserstack.com/automated-tests/projects/4149340/builds/ANDROID+Session/1?thBuildId=wrz9clzrcfubqmwsuh92jwvjweufztcted7tynwr&activeTab=all_issues&locator=eyJzbmFwX2luZGV4Ijo1LCJydWxlX2lkIjoidG91Y2gtdGFyZ2V0LXNpemUiLCJpc3N1ZV9pbmRleCI6IjIxIn0=,https://www.browserstack.com/docs/app-accessibility/rule-repository/rules-list/touch-target-size
Mobile App Accessibility Exploration, v,Touch Target Size,"Ensure that each interactive UI element has a focusable area, or touch target size, of at least 44x44 dp, logical pixels or equivalent",WCAG 2.2-2.5.5 AAA,Serious,seat-A5,6,22,No,None,None,FALSE,FALSE,"{""calculatedWidth"":""\""40\"""",""calculatedHeight"":""\""40\""""}",Users with motor limitations will find it difficult to accurately activate elements with the observed touch target size of '40 x 40'. The expected touch target size should be at minimum '44 x 44' to ensure accessibility and ease of use for all users.,"[{""className"":""\""android.widget.Button\""""},{""viewId"":""\""seat-A5\""""},{""frame"":""{\""x\"":588,\""y\"":636,\""width\"":120,\""height\"":120}""},{""visibleText"":""\""\""""},{""accessible"":true},{""isVisibleToUser"":true},{""isClickable"":true},{""isLongClickable"":false},{""screenWidth"":""\""\""""},{""screenHeight"":""\""\""""},{""screenDotsPerInch"":""\""\""""},{""calculatedWidth"":""\""40\""""},{""calculatedHeight"":""\""40\""""}]",https://app-accessibility.browserstack.com/automated-tests/projects/4149340/builds/ANDROID+Session/1?thBuildId=wrz9clzrcfubqmwsuh92jwvjweufztcted7tynwr&activeTab=all_issues&locator=eyJzbmFwX2luZGV4Ijo1LCJydWxlX2lkIjoidG91Y2gtdGFyZ2V0LXNpemUiLCJpc3N1ZV9pbmRleCI6IjIyIn0=,https://www.browserstack.com/docs/app-accessibility/rule-repository/rules-list/touch-target-size
Mobile App Accessibility Exploration, v,Touch Target Size,"Ensure that each interactive UI element has a focusable area, or touch target size, of at least 44x44 dp, logical pixels or equivalent",WCAG 2.2-2.5.5 AAA,Serious,seat-B4,6,23,No,None,None,FALSE,FALSE,"{""calculatedWidth"":""\""40\"""",""calculatedHeight"":""\""40\""""}",Users with motor limitations will find it difficult to accurately activate elements with the observed touch target size of '40 x 40'. The expected touch target size should be at minimum '44 x 44' to ensure accessibility and ease of use for all users.,"[{""className"":""\""android.widget.Button\""""},{""viewId"":""\""seat-B4\""""},{""frame"":""{\""x\"":444,\""y\"":780,\""width\"":120,\""height\"":120}""},{""visibleText"":""\""\""""},{""accessible"":true},{""isVisibleToUser"":true},{""isClickable"":true},{""isLongClickable"":false},{""screenWidth"":""\""\""""},{""screenHeight"":""\""\""""},{""screenDotsPerInch"":""\""\""""},{""calculatedWidth"":""\""40\""""},{""calculatedHeight"":""\""40\""""}]",https://app-accessibility.browserstack.com/automated-tests/projects/4149340/builds/ANDROID+Session/1?thBuildId=wrz9clzrcfubqmwsuh92jwvjweufztcted7tynwr&activeTab=all_issues&locator=eyJzbmFwX2luZGV4Ijo1LCJydWxlX2lkIjoidG91Y2gtdGFyZ2V0LXNpemUiLCJpc3N1ZV9pbmRleCI6IjIzIn0=,https://www.browserstack.com/docs/app-accessibility/rule-repository/rules-list/touch-target-size
Mobile App Accessibility Exploration, v,Touch Target Size,"Ensure that each interactive UI element has a focusable area, or touch target size, of at least 44x44 dp, logical pixels or equivalent",WCAG 2.2-2.5.5 AAA,Serious,seat-E6,6,24,No,None,None,FALSE,FALSE,"{""calculatedWidth"":""\""40\"""",""calculatedHeight"":""\""40\""""}",Users with motor limitations will find it difficult to accurately activate elements with the observed touch target size of '40 x 40'. The expected touch target size should be at minimum '44 x 44' to ensure accessibility and ease of use for all users.,"[{""className"":""\""android.widget.Button\""""},{""viewId"":""\""seat-E6\""""},{""frame"":""{\""x\"":732,\""y\"":1212,\""width\"":120,\""height\"":120}""},{""visibleText"":""\""\""""},{""accessible"":true},{""isVisibleToUser"":true},{""isClickable"":true},{""isLongClickable"":false},{""screenWidth"":""\""\""""},{""screenHeight"":""\""\""""},{""screenDotsPerInch"":""\""\""""},{""calculatedWidth"":""\""40\""""},{""calculatedHeight"":""\""40\""""}]",https://app-accessibility.browserstack.com/automated-tests/projects/4149340/builds/ANDROID+Session/1?thBuildId=wrz9clzrcfubqmwsuh92jwvjweufztcted7tynwr&activeTab=all_issues&locator=eyJzbmFwX2luZGV4Ijo1LCJydWxlX2lkIjoidG91Y2gtdGFyZ2V0LXNpemUiLCJpc3N1ZV9pbmRleCI6IjI0In0=,https://www.browserstack.com/docs/app-accessibility/rule-repository/rules-list/touch-target-size
Mobile App Accessibility Exploration, v,Touch Target Size,"Ensure that each interactive UI element has a focusable area, or touch target size, of at least 44x44 dp, logical pixels or equivalent",WCAG 2.2-2.5.5 AAA,Serious,seat-D6,6,25,No,None,None,FALSE,FALSE,"{""calculatedWidth"":""\""40\"""",""calculatedHeight"":""\""40\""""}",Users with motor limitations will find it difficult to accurately activate elements with the observed touch target size of '40 x 40'. The expected touch target size should be at minimum '44 x 44' to ensure accessibility and ease of use for all users.,"[{""className"":""\""android.widget.Button\""""},{""viewId"":""\""seat-D6\""""},{""frame"":""{\""x\"":732,\""y\"":1068,\""width\"":120,\""height\"":120}""},{""visibleText"":""\""\""""},{""accessible"":true},{""isVisibleToUser"":true},{""isClickable"":true},{""isLongClickable"":false},{""screenWidth"":""\""\""""},{""screenHeight"":""\""\""""},{""screenDotsPerInch"":""\""\""""},{""calculatedWidth"":""\""40\""""},{""calculatedHeight"":""\""40\""""}]",https://app-accessibility.browserstack.com/automated-tests/projects/4149340/builds/ANDROID+Session/1?thBuildId=wrz9clzrcfubqmwsuh92jwvjweufztcted7tynwr&activeTab=all_issues&locator=eyJzbmFwX2luZGV4Ijo1LCJydWxlX2lkIjoidG91Y2gtdGFyZ2V0LXNpemUiLCJpc3N1ZV9pbmRleCI6IjI1In0=,https://www.browserstack.com/docs/app-accessibility/rule-repository/rules-list/touch-target-size
Mobile App Accessibility Exploration, v,Touch Target Size,"Ensure that each interactive UI element has a focusable area, or touch target size, of at least 44x44 dp, logical pixels or equivalent",WCAG 2.2-2.5.5 AAA,Serious,seat-A1,6,26,No,None,None,FALSE,FALSE,"{""calculatedWidth"":""\""40\"""",""calculatedHeight"":""\""40\""""}",Users with motor limitations will find it difficult to accurately activate elements with the observed touch target size of '40 x 40'. The expected touch target size should be at minimum '44 x 44' to ensure accessibility and ease of use for all users.,"[{""className"":""\""android.widget.Button\""""},{""viewId"":""\""seat-A1\""""},{""frame"":""{\""x\"":12,\""y\"":636,\""width\"":120,\""height\"":120}""},{""visibleText"":""\""\""""},{""accessible"":true},{""isVisibleToUser"":true},{""isClickable"":true},{""isLongClickable"":false},{""screenWidth"":""\""\""""},{""screenHeight"":""\""\""""},{""screenDotsPerInch"":""\""\""""},{""calculatedWidth"":""\""40\""""},{""calculatedHeight"":""\""40\""""}]",https://app-accessibility.browserstack.com/automated-tests/projects/4149340/builds/ANDROID+Session/1?thBuildId=wrz9clzrcfubqmwsuh92jwvjweufztcted7tynwr&activeTab=all_issues&locator=eyJzbmFwX2luZGV4Ijo1LCJydWxlX2lkIjoidG91Y2gtdGFyZ2V0LXNpemUiLCJpc3N1ZV9pbmRleCI6IjI2In0=,https://www.browserstack.com/docs/app-accessibility/rule-repository/rules-list/touch-target-size
Mobile App Accessibility Exploration, v,Touch Target Size,"Ensure that each interactive UI element has a focusable area, or touch target size, of at least 44x44 dp, logical pixels or equivalent",WCAG 2.2-2.5.5 AAA,Serious,seat-C7,6,27,No,None,None,FALSE,FALSE,"{""calculatedWidth"":""\""40\"""",""calculatedHeight"":""\""40\""""}",Users with motor limitations will find it difficult to accurately activate elements with the observed touch target size of '40 x 40'. The expected touch target size should be at minimum '44 x 44' to ensure accessibility and ease of use for all users.,"[{""className"":""\""android.widget.Button\""""},{""viewId"":""\""seat-C7\""""},{""frame"":""{\""x\"":876,\""y\"":924,\""width\"":120,\""height\"":120}""},{""visibleText"":""\""\""""},{""accessible"":true},{""isVisibleToUser"":true},{""isClickable"":true},{""isLongClickable"":false},{""screenWidth"":""\""\""""},{""screenHeight"":""\""\""""},{""screenDotsPerInch"":""\""\""""},{""calculatedWidth"":""\""40\""""},{""calculatedHeight"":""\""40\""""}]",https://app-accessibility.browserstack.com/automated-tests/projects/4149340/builds/ANDROID+Session/1?thBuildId=wrz9clzrcfubqmwsuh92jwvjweufztcted7tynwr&activeTab=all_issues&locator=eyJzbmFwX2luZGV4Ijo1LCJydWxlX2lkIjoidG91Y2gtdGFyZ2V0LXNpemUiLCJpc3N1ZV9pbmRleCI6IjI3In0=,https://www.browserstack.com/docs/app-accessibility/rule-repository/rules-list/touch-target-size
Mobile App Accessibility Exploration, v,Touch Target Size,"Ensure that each interactive UI element has a focusable area, or touch target size, of at least 44x44 dp, logical pixels or equivalent",WCAG 2.2-2.5.5 AAA,Serious,seat-E5,6,28,No,None,None,FALSE,FALSE,"{""calculatedWidth"":""\""40\"""",""calculatedHeight"":""\""40\""""}",Users with motor limitations will find it difficult to accurately activate elements with the observed touch target size of '40 x 40'. The expected touch target size should be at minimum '44 x 44' to ensure accessibility and ease of use for all users.,"[{""className"":""\""android.widget.Button\""""},{""viewId"":""\""seat-E5\""""},{""frame"":""{\""x\"":588,\""y\"":1212,\""width\"":120,\""height\"":120}""},{""visibleText"":""\""\""""},{""accessible"":true},{""isVisibleToUser"":true},{""isClickable"":true},{""isLongClickable"":false},{""screenWidth"":""\""\""""},{""screenHeight"":""\""\""""},{""screenDotsPerInch"":""\""\""""},{""calculatedWidth"":""\""40\""""},{""calculatedHeight"":""\""40\""""}]",https://app-accessibility.browserstack.com/automated-tests/projects/4149340/builds/ANDROID+Session/1?thBuildId=wrz9clzrcfubqmwsuh92jwvjweufztcted7tynwr&activeTab=all_issues&locator=eyJzbmFwX2luZGV4Ijo1LCJydWxlX2lkIjoidG91Y2gtdGFyZ2V0LXNpemUiLCJpc3N1ZV9pbmRleCI6IjI4In0=,https://www.browserstack.com/docs/app-accessibility/rule-repository/rules-list/touch-target-size
Mobile App Accessibility Exploration, v,Touch Target Size,"Ensure that each interactive UI element has a focusable area, or touch target size, of at least 44x44 dp, logical pixels or equivalent",WCAG 2.2-2.5.5 AAA,Serious,seat-D2,6,29,No,None,None,FALSE,FALSE,"{""calculatedWidth"":""\""40\"""",""calculatedHeight"":""\""40\""""}",Users with motor limitations will find it difficult to accurately activate elements with the observed touch target size of '40 x 40'. The expected touch target size should be at minimum '44 x 44' to ensure accessibility and ease of use for all users.,"[{""className"":""\""android.widget.Button\""""},{""viewId"":""\""seat-D2\""""},{""frame"":""{\""x\"":156,\""y\"":1068,\""width\"":120,\""height\"":120}""},{""visibleText"":""\""\""""},{""accessible"":true},{""isVisibleToUser"":true},{""isClickable"":true},{""isLongClickable"":false},{""screenWidth"":""\""\""""},{""screenHeight"":""\""\""""},{""screenDotsPerInch"":""\""\""""},{""calculatedWidth"":""\""40\""""},{""calculatedHeight"":""\""40\""""}]",https://app-accessibility.browserstack.com/automated-tests/projects/4149340/builds/ANDROID+Session/1?thBuildId=wrz9clzrcfubqmwsuh92jwvjweufztcted7tynwr&activeTab=all_issues&locator=eyJzbmFwX2luZGV4Ijo1LCJydWxlX2lkIjoidG91Y2gtdGFyZ2V0LXNpemUiLCJpc3N1ZV9pbmRleCI6IjI5In0=,https://www.browserstack.com/docs/app-accessibility/rule-repository/rules-list/touch-target-size
Mobile App Accessibility Exploration, v,Touch Target Size,"Ensure that each interactive UI element has a focusable area, or touch target size, of at least 44x44 dp, logical pixels or equivalent",WCAG 2.2-2.5.5 AAA,Serious,seat-E7,6,30,No,None,None,FALSE,FALSE,"{""calculatedWidth"":""\""40\"""",""calculatedHeight"":""\""40\""""}",Users with motor limitations will find it difficult to accurately activate elements with the observed touch target size of '40 x 40'. The expected touch target size should be at minimum '44 x 44' to ensure accessibility and ease of use for all users.,"[{""className"":""\""android.widget.Button\""""},{""viewId"":""\""seat-E7\""""},{""frame"":""{\""x\"":876,\""y\"":1212,\""width\"":120,\""height\"":120}""},{""visibleText"":""\""\""""},{""accessible"":true},{""isVisibleToUser"":true},{""isClickable"":true},{""isLongClickable"":false},{""screenWidth"":""\""\""""},{""screenHeight"":""\""\""""},{""screenDotsPerInch"":""\""\""""},{""calculatedWidth"":""\""40\""""},{""calculatedHeight"":""\""40\""""}]",https://app-accessibility.browserstack.com/automated-tests/projects/4149340/builds/ANDROID+Session/1?thBuildId=wrz9clzrcfubqmwsuh92jwvjweufztcted7tynwr&activeTab=all_issues&locator=eyJzbmFwX2luZGV4Ijo1LCJydWxlX2lkIjoidG91Y2gtdGFyZ2V0LXNpemUiLCJpc3N1ZV9pbmRleCI6IjMwIn0=,https://www.browserstack.com/docs/app-accessibility/rule-repository/rules-list/touch-target-size
Mobile App Accessibility Exploration, v,Touch Target Size,"Ensure that each interactive UI element has a focusable area, or touch target size, of at least 44x44 dp, logical pixels or equivalent",WCAG 2.2-2.5.5 AAA,Serious,seat-B2,6,31,No,None,None,FALSE,FALSE,"{""calculatedWidth"":""\""40\"""",""calculatedHeight"":""\""40\""""}",Users with motor limitations will find it difficult to accurately activate elements with the observed touch target size of '40 x 40'. The expected touch target size should be at minimum '44 x 44' to ensure accessibility and ease of use for all users.,"[{""className"":""\""android.widget.Button\""""},{""viewId"":""\""seat-B2\""""},{""frame"":""{\""x\"":156,\""y\"":780,\""width\"":120,\""height\"":120}""},{""visibleText"":""\""\""""},{""accessible"":true},{""isVisibleToUser"":true},{""isClickable"":true},{""isLongClickable"":false},{""screenWidth"":""\""\""""},{""screenHeight"":""\""\""""},{""screenDotsPerInch"":""\""\""""},{""calculatedWidth"":""\""40\""""},{""calculatedHeight"":""\""40\""""}]",https://app-accessibility.browserstack.com/automated-tests/projects/4149340/builds/ANDROID+Session/1?thBuildId=wrz9clzrcfubqmwsuh92jwvjweufztcted7tynwr&activeTab=all_issues&locator=eyJzbmFwX2luZGV4Ijo1LCJydWxlX2lkIjoidG91Y2gtdGFyZ2V0LXNpemUiLCJpc3N1ZV9pbmRleCI6IjMxIn0=,https://www.browserstack.com/docs/app-accessibility/rule-repository/rules-list/touch-target-size
Mobile App Accessibility Exploration, v,Touch Target Size,"Ensure that each interactive UI element has a focusable area, or touch target size, of at least 44x44 dp, logical pixels or equivalent",WCAG 2.2-2.5.5 AAA,Serious,seat-B6,6,32,No,None,None,FALSE,FALSE,"{""calculatedWidth"":""\""40\"""",""calculatedHeight"":""\""40\""""}",Users with motor limitations will find it difficult to accurately activate elements with the observed touch target size of '40 x 40'. The expected touch target size should be at minimum '44 x 44' to ensure accessibility and ease of use for all users.,"[{""className"":""\""android.widget.Button\""""},{""viewId"":""\""seat-B6\""""},{""frame"":""{\""x\"":732,\""y\"":780,\""width\"":120,\""height\"":120}""},{""visibleText"":""\""\""""},{""accessible"":true},{""isVisibleToUser"":true},{""isClickable"":true},{""isLongClickable"":false},{""screenWidth"":""\""\""""},{""screenHeight"":""\""\""""},{""screenDotsPerInch"":""\""\""""},{""calculatedWidth"":""\""40\""""},{""calculatedHeight"":""\""40\""""}]",https://app-accessibility.browserstack.com/automated-tests/projects/4149340/builds/ANDROID+Session/1?thBuildId=wrz9clzrcfubqmwsuh92jwvjweufztcted7tynwr&activeTab=all_issues&locator=eyJzbmFwX2luZGV4Ijo1LCJydWxlX2lkIjoidG91Y2gtdGFyZ2V0LXNpemUiLCJpc3N1ZV9pbmRleCI6IjMyIn0=,https://www.browserstack.com/docs/app-accessibility/rule-repository/rules-list/touch-target-size
Mobile App Accessibility Exploration, v,Touch Target Size,"Ensure that each interactive UI element has a focusable area, or touch target size, of at least 44x44 dp, logical pixels or equivalent",WCAG 2.2-2.5.5 AAA,Serious,seat-A7,6,33,No,None,None,FALSE,FALSE,"{""calculatedWidth"":""\""40\"""",""calculatedHeight"":""\""40\""""}",Users with motor limitations will find it difficult to accurately activate elements with the observed touch target size of '40 x 40'. The expected touch target size should be at minimum '44 x 44' to ensure accessibility and ease of use for all users.,"[{""className"":""\""android.widget.Button\""""},{""viewId"":""\""seat-A7\""""},{""frame"":""{\""x\"":876,\""y\"":636,\""width\"":120,\""height\"":120}""},{""visibleText"":""\""\""""},{""accessible"":true},{""isVisibleToUser"":true},{""isClickable"":true},{""isLongClickable"":false},{""screenWidth"":""\""\""""},{""screenHeight"":""\""\""""},{""screenDotsPerInch"":""\""\""""},{""calculatedWidth"":""\""40\""""},{""calculatedHeight"":""\""40\""""}]",https://app-accessibility.browserstack.com/automated-tests/projects/4149340/builds/ANDROID+Session/1?thBuildId=wrz9clzrcfubqmwsuh92jwvjweufztcted7tynwr&activeTab=all_issues&locator=eyJzbmFwX2luZGV4Ijo1LCJydWxlX2lkIjoidG91Y2gtdGFyZ2V0LXNpemUiLCJpc3N1ZV9pbmRleCI6IjMzIn0=,https://www.browserstack.com/docs/app-accessibility/rule-repository/rules-list/touch-target-size
Mobile App Accessibility Exploration, v,Touch Target Size,"Ensure that each interactive UI element has a focusable area, or touch target size, of at least 44x44 dp, logical pixels or equivalent",WCAG 2.2-2.5.5 AAA,Serious,seat-A3,6,34,No,None,None,FALSE,FALSE,"{""calculatedWidth"":""\""40\"""",""calculatedHeight"":""\""40\""""}",Users with motor limitations will find it difficult to accurately activate elements with the observed touch target size of '40 x 40'. The expected touch target size should be at minimum '44 x 44' to ensure accessibility and ease of use for all users.,"[{""className"":""\""android.widget.Button\""""},{""viewId"":""\""seat-A3\""""},{""frame"":""{\""x\"":300,\""y\"":636,\""width\"":120,\""height\"":120}""},{""visibleText"":""\""\""""},{""accessible"":true},{""isVisibleToUser"":true},{""isClickable"":true},{""isLongClickable"":false},{""screenWidth"":""\""\""""},{""screenHeight"":""\""\""""},{""screenDotsPerInch"":""\""\""""},{""calculatedWidth"":""\""40\""""},{""calculatedHeight"":""\""40\""""}]",https://app-accessibility.browserstack.com/automated-tests/projects/4149340/builds/ANDROID+Session/1?thBuildId=wrz9clzrcfubqmwsuh92jwvjweufztcted7tynwr&activeTab=all_issues&locator=eyJzbmFwX2luZGV4Ijo1LCJydWxlX2lkIjoidG91Y2gtdGFyZ2V0LXNpemUiLCJpc3N1ZV9pbmRleCI6IjM0In0=,https://www.browserstack.com/docs/app-accessibility/rule-repository/rules-list/touch-target-size
Mobile App Accessibility Exploration, v,Touch Target Size,"Ensure that each interactive UI element has a focusable area, or touch target size, of at least 44x44 dp, logical pixels or equivalent",WCAG 2.2-2.5.5 AAA,Serious,seat-D5,6,35,No,None,None,FALSE,FALSE,"{""calculatedWidth"":""\""40\"""",""calculatedHeight"":""\""40\""""}",Users with motor limitations will find it difficult to accurately activate elements with the observed touch target size of '40 x 40'. The expected touch target size should be at minimum '44 x 44' to ensure accessibility and ease of use for all users.,"[{""className"":""\""android.widget.Button\""""},{""viewId"":""\""seat-D5\""""},{""frame"":""{\""x\"":588,\""y\"":1068,\""width\"":120,\""height\"":120}""},{""visibleText"":""\""\""""},{""accessible"":true},{""isVisibleToUser"":true},{""isClickable"":true},{""isLongClickable"":false},{""screenWidth"":""\""\""""},{""screenHeight"":""\""\""""},{""screenDotsPerInch"":""\""\""""},{""calculatedWidth"":""\""40\""""},{""calculatedHeight"":""\""40\""""}]",https://app-accessibility.browserstack.com/automated-tests/projects/4149340/builds/ANDROID+Session/1?thBuildId=wrz9clzrcfubqmwsuh92jwvjweufztcted7tynwr&activeTab=all_issues&locator=eyJzbmFwX2luZGV4Ijo1LCJydWxlX2lkIjoidG91Y2gtdGFyZ2V0LXNpemUiLCJpc3N1ZV9pbmRleCI6IjM1In0=,https://www.browserstack.com/docs/app-accessibility/rule-repository/rules-list/touch-target-size
Mobile App Accessibility Exploration, v,Touch Target Size,"Ensure that each interactive UI element has a focusable area, or touch target size, of at least 44x44 dp, logical pixels or equivalent",WCAG 2.2-2.5.5 AAA,Serious,seat-A6,6,36,No,None,None,FALSE,FALSE,"{""calculatedWidth"":""\""40\"""",""calculatedHeight"":""\""40\""""}",Users with motor limitations will find it difficult to accurately activate elements with the observed touch target size of '40 x 40'. The expected touch target size should be at minimum '44 x 44' to ensure accessibility and ease of use for all users.,"[{""className"":""\""android.widget.Button\""""},{""viewId"":""\""seat-A6\""""},{""frame"":""{\""x\"":732,\""y\"":636,\""width\"":120,\""height\"":120}""},{""visibleText"":""\""\""""},{""accessible"":true},{""isVisibleToUser"":true},{""isClickable"":true},{""isLongClickable"":false},{""screenWidth"":""\""\""""},{""screenHeight"":""\""\""""},{""screenDotsPerInch"":""\""\""""},{""calculatedWidth"":""\""40\""""},{""calculatedHeight"":""\""40\""""}]",https://app-accessibility.browserstack.com/automated-tests/projects/4149340/builds/ANDROID+Session/1?thBuildId=wrz9clzrcfubqmwsuh92jwvjweufztcted7tynwr&activeTab=all_issues&locator=eyJzbmFwX2luZGV4Ijo1LCJydWxlX2lkIjoidG91Y2gtdGFyZ2V0LXNpemUiLCJpc3N1ZV9pbmRleCI6IjM2In0=,https://www.browserstack.com/docs/app-accessibility/rule-repository/rules-list/touch-target-size
Mobile App Accessibility Exploration, v,Touch Target Size,"Ensure that each interactive UI element has a focusable area, or touch target size, of at least 44x44 dp, logical pixels or equivalent",WCAG 2.2-2.5.5 AAA,Serious,seat-E1,6,37,No,None,None,FALSE,FALSE,"{""calculatedWidth"":""\""40\"""",""calculatedHeight"":""\""40\""""}",Users with motor limitations will find it difficult to accurately activate elements with the observed touch target size of '40 x 40'. The expected touch target size should be at minimum '44 x 44' to ensure accessibility and ease of use for all users.,"[{""className"":""\""android.widget.Button\""""},{""viewId"":""\""seat-E1\""""},{""frame"":""{\""x\"":12,\""y\"":1212,\""width\"":120,\""height\"":120}""},{""visibleText"":""\""\""""},{""accessible"":true},{""isVisibleToUser"":true},{""isClickable"":true},{""isLongClickable"":false},{""screenWidth"":""\""\""""},{""screenHeight"":""\""\""""},{""screenDotsPerInch"":""\""\""""},{""calculatedWidth"":""\""40\""""},{""calculatedHeight"":""\""40\""""}]",https://app-accessibility.browserstack.com/automated-tests/projects/4149340/builds/ANDROID+Session/1?thBuildId=wrz9clzrcfubqmwsuh92jwvjweufztcted7tynwr&activeTab=all_issues&locator=eyJzbmFwX2luZGV4Ijo1LCJydWxlX2lkIjoidG91Y2gtdGFyZ2V0LXNpemUiLCJpc3N1ZV9pbmRleCI6IjM3In0=,https://www.browserstack.com/docs/app-accessibility/rule-repository/rules-list/touch-target-size
Mobile App Accessibility Exploration, v,Touch Target Size,"Ensure that each interactive UI element has a focusable area, or touch target size, of at least 44x44 dp, logical pixels or equivalent",WCAG 2.2-2.5.5 AAA,Serious,seat-C3,6,38,No,None,None,FALSE,FALSE,"{""calculatedWidth"":""\""40\"""",""calculatedHeight"":""\""40\""""}",Users with motor limitations will find it difficult to accurately activate elements with the observed touch target size of '40 x 40'. The expected touch target size should be at minimum '44 x 44' to ensure accessibility and ease of use for all users.,"[{""className"":""\""android.widget.Button\""""},{""viewId"":""\""seat-C3\""""},{""frame"":""{\""x\"":300,\""y\"":924,\""width\"":120,\""height\"":120}""},{""visibleText"":""\""\""""},{""accessible"":true},{""isVisibleToUser"":true},{""isClickable"":true},{""isLongClickable"":false},{""screenWidth"":""\""\""""},{""screenHeight"":""\""\""""},{""screenDotsPerInch"":""\""\""""},{""calculatedWidth"":""\""40\""""},{""calculatedHeight"":""\""40\""""}]",https://app-accessibility.browserstack.com/automated-tests/projects/4149340/builds/ANDROID+Session/1?thBuildId=wrz9clzrcfubqmwsuh92jwvjweufztcted7tynwr&activeTab=all_issues&locator=eyJzbmFwX2luZGV4Ijo1LCJydWxlX2lkIjoidG91Y2gtdGFyZ2V0LXNpemUiLCJpc3N1ZV9pbmRleCI6IjM4In0=,https://www.browserstack.com/docs/app-accessibility/rule-repository/rules-list/touch-target-size
Mobile App Accessibility Exploration, v,Touch Target Size,"Ensure that each interactive UI element has a focusable area, or touch target size, of at least 44x44 dp, logical pixels or equivalent",WCAG 2.2-2.5.5 AAA,Serious,seat-B8,6,39,No,None,None,FALSE,FALSE,"{""calculatedWidth"":""\""20\"""",""calculatedHeight"":""\""40\""""}",Users with motor limitations will find it difficult to accurately activate elements with the observed touch target size of '20 x 40'. The expected touch target size should be at minimum '44 x 44' to ensure accessibility and ease of use for all users.,"[{""className"":""\""android.widget.Button\""""},{""viewId"":""\""seat-B8\""""},{""frame"":""{\""x\"":1020,\""y\"":780,\""width\"":60,\""height\"":120}""},{""visibleText"":""\""\""""},{""accessible"":true},{""isVisibleToUser"":true},{""isClickable"":true},{""isLongClickable"":false},{""screenWidth"":""\""\""""},{""screenHeight"":""\""\""""},{""screenDotsPerInch"":""\""\""""},{""calculatedWidth"":""\""20\""""},{""calculatedHeight"":""\""40\""""}]",https://app-accessibility.browserstack.com/automated-tests/projects/4149340/builds/ANDROID+Session/1?thBuildId=wrz9clzrcfubqmwsuh92jwvjweufztcted7tynwr&activeTab=all_issues&locator=eyJzbmFwX2luZGV4Ijo1LCJydWxlX2lkIjoidG91Y2gtdGFyZ2V0LXNpemUiLCJpc3N1ZV9pbmRleCI6IjM5In0=,https://www.browserstack.com/docs/app-accessibility/rule-repository/rules-list/touch-target-size
Mobile App Accessibility Exploration, v,Touch Target Size,"Ensure that each interactive UI element has a focusable area, or touch target size, of at least 44x44 dp, logical pixels or equivalent",WCAG 2.2-2.5.5 AAA,Serious,seat-C4,6,40,No,None,None,FALSE,FALSE,"{""calculatedWidth"":""\""40\"""",""calculatedHeight"":""\""40\""""}",Users with motor limitations will find it difficult to accurately activate elements with the observed touch target size of '40 x 40'. The expected touch target size should be at minimum '44 x 44' to ensure accessibility and ease of use for all users.,"[{""className"":""\""android.widget.Button\""""},{""viewId"":""\""seat-C4\""""},{""frame"":""{\""x\"":444,\""y\"":924,\""width\"":120,\""height\"":120}""},{""visibleText"":""\""\""""},{""accessible"":true},{""isVisibleToUser"":true},{""isClickable"":true},{""isLongClickable"":false},{""screenWidth"":""\""\""""},{""screenHeight"":""\""\""""},{""screenDotsPerInch"":""\""\""""},{""calculatedWidth"":""\""40\""""},{""calculatedHeight"":""\""40\""""}]",https://app-accessibility.browserstack.com/automated-tests/projects/4149340/builds/ANDROID+Session/1?thBuildId=wrz9clzrcfubqmwsuh92jwvjweufztcted7tynwr&activeTab=all_issues&locator=eyJzbmFwX2luZGV4Ijo1LCJydWxlX2lkIjoidG91Y2gtdGFyZ2V0LXNpemUiLCJpc3N1ZV9pbmRleCI6IjQwIn0=,https://www.browserstack.com/docs/app-accessibility/rule-repository/rules-list/touch-target-size
Mobile App Accessibility Exploration, v,Touch Target Size,"Ensure that each interactive UI element has a focusable area, or touch target size, of at least 44x44 dp, logical pixels or equivalent",WCAG 2.2-2.5.5 AAA,Serious,seat-C8,6,41,No,None,None,FALSE,FALSE,"{""calculatedWidth"":""\""20\"""",""calculatedHeight"":""\""40\""""}",Users with motor limitations will find it difficult to accurately activate elements with the observed touch target size of '20 x 40'. The expected touch target size should be at minimum '44 x 44' to ensure accessibility and ease of use for all users.,"[{""className"":""\""android.widget.Button\""""},{""viewId"":""\""seat-C8\""""},{""frame"":""{\""x\"":1020,\""y\"":924,\""width\"":60,\""height\"":120}""},{""visibleText"":""\""\""""},{""accessible"":true},{""isVisibleToUser"":true},{""isClickable"":true},{""isLongClickable"":false},{""screenWidth"":""\""\""""},{""screenHeight"":""\""\""""},{""screenDotsPerInch"":""\""\""""},{""calculatedWidth"":""\""20\""""},{""calculatedHeight"":""\""40\""""}]",https://app-accessibility.browserstack.com/automated-tests/projects/4149340/builds/ANDROID+Session/1?thBuildId=wrz9clzrcfubqmwsuh92jwvjweufztcted7tynwr&activeTab=all_issues&locator=eyJzbmFwX2luZGV4Ijo1LCJydWxlX2lkIjoidG91Y2gtdGFyZ2V0LXNpemUiLCJpc3N1ZV9pbmRleCI6IjQxIn0=,https://www.browserstack.com/docs/app-accessibility/rule-repository/rules-list/touch-target-size
Mobile App Accessibility Exploration, v,Touch Target Size,"Ensure that each interactive UI element has a focusable area, or touch target size, of at least 44x44 dp, logical pixels or equivalent",WCAG 2.2-2.5.5 AAA,Serious,seat-B5,6,42,No,None,None,FALSE,FALSE,"{""calculatedWidth"":""\""40\"""",""calculatedHeight"":""\""40\""""}",Users with motor limitations will find it difficult to accurately activate elements with the observed touch target size of '40 x 40'. The expected touch target size should be at minimum '44 x 44' to ensure accessibility and ease of use for all users.,"[{""className"":""\""android.widget.Button\""""},{""viewId"":""\""seat-B5\""""},{""frame"":""{\""x\"":588,\""y\"":780,\""width\"":120,\""height\"":120}""},{""visibleText"":""\""\""""},{""accessible"":true},{""isVisibleToUser"":true},{""isClickable"":true},{""isLongClickable"":false},{""screenWidth"":""\""\""""},{""screenHeight"":""\""\""""},{""screenDotsPerInch"":""\""\""""},{""calculatedWidth"":""\""40\""""},{""calculatedHeight"":""\""40\""""}]",https://app-accessibility.browserstack.com/automated-tests/projects/4149340/builds/ANDROID+Session/1?thBuildId=wrz9clzrcfubqmwsuh92jwvjweufztcted7tynwr&activeTab=all_issues&locator=eyJzbmFwX2luZGV4Ijo1LCJydWxlX2lkIjoidG91Y2gtdGFyZ2V0LXNpemUiLCJpc3N1ZV9pbmRleCI6IjQyIn0=,https://www.browserstack.com/docs/app-accessibility/rule-repository/rules-list/touch-target-size
Mobile App Accessibility Exploration, v,Touch Target Size,"Ensure that each interactive UI element has a focusable area, or touch target size, of at least 44x44 dp, logical pixels or equivalent",WCAG 2.2-2.5.5 AAA,Serious,seat-B3,6,43,No,None,None,FALSE,FALSE,"{""calculatedWidth"":""\""40\"""",""calculatedHeight"":""\""40\""""}",Users with motor limitations will find it difficult to accurately activate elements with the observed touch target size of '40 x 40'. The expected touch target size should be at minimum '44 x 44' to ensure accessibility and ease of use for all users.,"[{""className"":""\""android.widget.Button\""""},{""viewId"":""\""seat-B3\""""},{""frame"":""{\""x\"":300,\""y\"":780,\""width\"":120,\""height\"":120}""},{""visibleText"":""\""\""""},{""accessible"":true},{""isVisibleToUser"":true},{""isClickable"":true},{""isLongClickable"":false},{""screenWidth"":""\""\""""},{""screenHeight"":""\""\""""},{""screenDotsPerInch"":""\""\""""},{""calculatedWidth"":""\""40\""""},{""calculatedHeight"":""\""40\""""}]",https://app-accessibility.browserstack.com/automated-tests/projects/4149340/builds/ANDROID+Session/1?thBuildId=wrz9clzrcfubqmwsuh92jwvjweufztcted7tynwr&activeTab=all_issues&locator=eyJzbmFwX2luZGV4Ijo1LCJydWxlX2lkIjoidG91Y2gtdGFyZ2V0LXNpemUiLCJpc3N1ZV9pbmRleCI6IjQzIn0=,https://www.browserstack.com/docs/app-accessibility/rule-repository/rules-list/touch-target-size
Mobile App Accessibility Exploration, v,Touch Target Size,"Ensure that each interactive UI element has a focusable area, or touch target size, of at least 44x44 dp, logical pixels or equivalent",WCAG 2.2-2.5.5 AAA,Serious,seat-B1,6,44,No,None,None,FALSE,FALSE,"{""calculatedWidth"":""\""40\"""",""calculatedHeight"":""\""40\""""}",Users with motor limitations will find it difficult to accurately activate elements with the observed touch target size of '40 x 40'. The expected touch target size should be at minimum '44 x 44' to ensure accessibility and ease of use for all users.,"[{""className"":""\""android.widget.Button\""""},{""viewId"":""\""seat-B1\""""},{""frame"":""{\""x\"":12,\""y\"":780,\""width\"":120,\""height\"":120}""},{""visibleText"":""\""\""""},{""accessible"":true},{""isVisibleToUser"":true},{""isClickable"":true},{""isLongClickable"":false},{""screenWidth"":""\""\""""},{""screenHeight"":""\""\""""},{""screenDotsPerInch"":""\""\""""},{""calculatedWidth"":""\""40\""""},{""calculatedHeight"":""\""40\""""}]",https://app-accessibility.browserstack.com/automated-tests/projects/4149340/builds/ANDROID+Session/1?thBuildId=wrz9clzrcfubqmwsuh92jwvjweufztcted7tynwr&activeTab=all_issues&locator=eyJzbmFwX2luZGV4Ijo1LCJydWxlX2lkIjoidG91Y2gtdGFyZ2V0LXNpemUiLCJpc3N1ZV9pbmRleCI6IjQ0In0=,https://www.browserstack.com/docs/app-accessibility/rule-repository/rules-list/touch-target-size
Mobile App Accessibility Exploration, v,Touch Target Size,"Ensure that each interactive UI element has a focusable area, or touch target size, of at least 44x44 dp, logical pixels or equivalent",WCAG 2.2-2.5.5 AAA,Serious,seat-E8,6,45,No,None,None,FALSE,FALSE,"{""calculatedWidth"":""\""20\"""",""calculatedHeight"":""\""40\""""}",Users with motor limitations will find it difficult to accurately activate elements with the observed touch target size of '20 x 40'. The expected touch target size should be at minimum '44 x 44' to ensure accessibility and ease of use for all users.,"[{""className"":""\""android.widget.Button\""""},{""viewId"":""\""seat-E8\""""},{""frame"":""{\""x\"":1020,\""y\"":1212,\""width\"":60,\""height\"":120}""},{""visibleText"":""\""\""""},{""accessible"":true},{""isVisibleToUser"":true},{""isClickable"":true},{""isLongClickable"":false},{""screenWidth"":""\""\""""},{""screenHeight"":""\""\""""},{""screenDotsPerInch"":""\""\""""},{""calculatedWidth"":""\""20\""""},{""calculatedHeight"":""\""40\""""}]",https://app-accessibility.browserstack.com/automated-tests/projects/4149340/builds/ANDROID+Session/1?thBuildId=wrz9clzrcfubqmwsuh92jwvjweufztcted7tynwr&activeTab=all_issues&locator=eyJzbmFwX2luZGV4Ijo1LCJydWxlX2lkIjoidG91Y2gtdGFyZ2V0LXNpemUiLCJpc3N1ZV9pbmRleCI6IjQ1In0=,https://www.browserstack.com/docs/app-accessibility/rule-repository/rules-list/touch-target-size
Mobile App Accessibility Exploration, v,Touch Target Size,"Ensure that each interactive UI element has a focusable area, or touch target size, of at least 44x44 dp, logical pixels or equivalent",WCAG 2.2-2.5.5 AAA,Serious,seat-B7,6,46,No,None,None,FALSE,FALSE,"{""calculatedWidth"":""\""40\"""",""calculatedHeight"":""\""40\""""}",Users with motor limitations will find it difficult to accurately activate elements with the observed touch target size of '40 x 40'. The expected touch target size should be at minimum '44 x 44' to ensure accessibility and ease of use for all users.,"[{""className"":""\""android.widget.Button\""""},{""viewId"":""\""seat-B7\""""},{""frame"":""{\""x\"":876,\""y\"":780,\""width\"":120,\""height\"":120}""},{""visibleText"":""\""\""""},{""accessible"":true},{""isVisibleToUser"":true},{""isClickable"":true},{""isLongClickable"":false},{""screenWidth"":""\""\""""},{""screenHeight"":""\""\""""},{""screenDotsPerInch"":""\""\""""},{""calculatedWidth"":""\""40\""""},{""calculatedHeight"":""\""40\""""}]",https://app-accessibility.browserstack.com/automated-tests/projects/4149340/builds/ANDROID+Session/1?thBuildId=wrz9clzrcfubqmwsuh92jwvjweufztcted7tynwr&activeTab=all_issues&locator=eyJzbmFwX2luZGV4Ijo1LCJydWxlX2lkIjoidG91Y2gtdGFyZ2V0LXNpemUiLCJpc3N1ZV9pbmRleCI6IjQ2In0=,https://www.browserstack.com/docs/app-accessibility/rule-repository/rules-list/touch-target-size
Mobile App Accessibility Exploration, v,Touch Target Size,"Ensure that each interactive UI element has a focusable area, or touch target size, of at least 44x44 dp, logical pixels or equivalent",WCAG 2.2-2.5.5 AAA,Serious,seat-E4,6,47,No,None,None,FALSE,FALSE,"{""calculatedWidth"":""\""40\"""",""calculatedHeight"":""\""40\""""}",Users with motor limitations will find it difficult to accurately activate elements with the observed touch target size of '40 x 40'. The expected touch target size should be at minimum '44 x 44' to ensure accessibility and ease of use for all users.,"[{""className"":""\""android.widget.Button\""""},{""viewId"":""\""seat-E4\""""},{""frame"":""{\""x\"":444,\""y\"":1212,\""width\"":120,\""height\"":120}""},{""visibleText"":""\""\""""},{""accessible"":true},{""isVisibleToUser"":true},{""isClickable"":true},{""isLongClickable"":false},{""screenWidth"":""\""\""""},{""screenHeight"":""\""\""""},{""screenDotsPerInch"":""\""\""""},{""calculatedWidth"":""\""40\""""},{""calculatedHeight"":""\""40\""""}]",https://app-accessibility.browserstack.com/automated-tests/projects/4149340/builds/ANDROID+Session/1?thBuildId=wrz9clzrcfubqmwsuh92jwvjweufztcted7tynwr&activeTab=all_issues&locator=eyJzbmFwX2luZGV4Ijo1LCJydWxlX2lkIjoidG91Y2gtdGFyZ2V0LXNpemUiLCJpc3N1ZV9pbmRleCI6IjQ3In0=,https://www.browserstack.com/docs/app-accessibility/rule-repository/rules-list/touch-target-size
Mobile App Accessibility Exploration, v,Touch Target Size,"Ensure that each interactive UI element has a focusable area, or touch target size, of at least 44x44 dp, logical pixels or equivalent",WCAG 2.2-2.5.5 AAA,Serious,seat-C2,6,48,No,None,None,FALSE,FALSE,"{""calculatedWidth"":""\""40\"""",""calculatedHeight"":""\""40\""""}",Users with motor limitations will find it difficult to accurately activate elements with the observed touch target size of '40 x 40'. The expected touch target size should be at minimum '44 x 44' to ensure accessibility and ease of use for all users.,"[{""className"":""\""android.widget.Button\""""},{""viewId"":""\""seat-C2\""""},{""frame"":""{\""x\"":156,\""y\"":924,\""width\"":120,\""height\"":120}""},{""visibleText"":""\""\""""},{""accessible"":true},{""isVisibleToUser"":true},{""isClickable"":true},{""isLongClickable"":false},{""screenWidth"":""\""\""""},{""screenHeight"":""\""\""""},{""screenDotsPerInch"":""\""\""""},{""calculatedWidth"":""\""40\""""},{""calculatedHeight"":""\""40\""""}]",https://app-accessibility.browserstack.com/automated-tests/projects/4149340/builds/ANDROID+Session/1?thBuildId=wrz9clzrcfubqmwsuh92jwvjweufztcted7tynwr&activeTab=all_issues&locator=eyJzbmFwX2luZGV4Ijo1LCJydWxlX2lkIjoidG91Y2gtdGFyZ2V0LXNpemUiLCJpc3N1ZV9pbmRleCI6IjQ4In0=,https://www.browserstack.com/docs/app-accessibility/rule-repository/rules-list/touch-target-size
Mobile App Accessibility Exploration, v,Touch Target Size,"Ensure that each interactive UI element has a focusable area, or touch target size, of at least 44x44 dp, logical pixels or equivalent",WCAG 2.2-2.5.5 AAA,Serious,seat-D1,6,49,No,None,None,FALSE,FALSE,"{""calculatedWidth"":""\""40\"""",""calculatedHeight"":""\""40\""""}",Users with motor limitations will find it difficult to accurately activate elements with the observed touch target size of '40 x 40'. The expected touch target size should be at minimum '44 x 44' to ensure accessibility and ease of use for all users.,"[{""className"":""\""android.widget.Button\""""},{""viewId"":""\""seat-D1\""""},{""frame"":""{\""x\"":12,\""y\"":1068,\""width\"":120,\""height\"":120}""},{""visibleText"":""\""\""""},{""accessible"":true},{""isVisibleToUser"":true},{""isClickable"":true},{""isLongClickable"":false},{""screenWidth"":""\""\""""},{""screenHeight"":""\""\""""},{""screenDotsPerInch"":""\""\""""},{""calculatedWidth"":""\""40\""""},{""calculatedHeight"":""\""40\""""}]",https://app-accessibility.browserstack.com/automated-tests/projects/4149340/builds/ANDROID+Session/1?thBuildId=wrz9clzrcfubqmwsuh92jwvjweufztcted7tynwr&activeTab=all_issues&locator=eyJzbmFwX2luZGV4Ijo1LCJydWxlX2lkIjoidG91Y2gtdGFyZ2V0LXNpemUiLCJpc3N1ZV9pbmRleCI6IjQ5In0=,https://www.browserstack.com/docs/app-accessibility/rule-repository/rules-list/touch-target-size
Mobile App Accessibility Exploration, v,Touch Target Size,"Ensure that each interactive UI element has a focusable area, or touch target size, of at least 44x44 dp, logical pixels or equivalent",WCAG 2.2-2.5.5 AAA,Serious,seat-C6,6,50,No,None,None,FALSE,FALSE,"{""calculatedWidth"":""\""40\"""",""calculatedHeight"":""\""40\""""}",Users with motor limitations will find it difficult to accurately activate elements with the observed touch target size of '40 x 40'. The expected touch target size should be at minimum '44 x 44' to ensure accessibility and ease of use for all users.,"[{""className"":""\""android.widget.Button\""""},{""viewId"":""\""seat-C6\""""},{""frame"":""{\""x\"":732,\""y\"":924,\""width\"":120,\""height\"":120}""},{""visibleText"":""\""\""""},{""accessible"":true},{""isVisibleToUser"":true},{""isClickable"":true},{""isLongClickable"":false},{""screenWidth"":""\""\""""},{""screenHeight"":""\""\""""},{""screenDotsPerInch"":""\""\""""},{""calculatedWidth"":""\""40\""""},{""calculatedHeight"":""\""40\""""}]",https://app-accessibility.browserstack.com/automated-tests/projects/4149340/builds/ANDROID+Session/1?thBuildId=wrz9clzrcfubqmwsuh92jwvjweufztcted7tynwr&activeTab=all_issues&locator=eyJzbmFwX2luZGV4Ijo1LCJydWxlX2lkIjoidG91Y2gtdGFyZ2V0LXNpemUiLCJpc3N1ZV9pbmRleCI6IjUwIn0=,https://www.browserstack.com/docs/app-accessibility/rule-repository/rules-list/touch-target-size
Mobile App Accessibility Exploration, v,Touch Target Size,"Ensure that each interactive UI element has a focusable area, or touch target size, of at least 44x44 dp, logical pixels or equivalent",WCAG 2.2-2.5.5 AAA,Serious,seat-D3,6,51,No,None,None,FALSE,FALSE,"{""calculatedWidth"":""\""40\"""",""calculatedHeight"":""\""40\""""}",Users with motor limitations will find it difficult to accurately activate elements with the observed touch target size of '40 x 40'. The expected touch target size should be at minimum '44 x 44' to ensure accessibility and ease of use for all users.,"[{""className"":""\""android.widget.Button\""""},{""viewId"":""\""seat-D3\""""},{""frame"":""{\""x\"":300,\""y\"":1068,\""width\"":120,\""height\"":120}""},{""visibleText"":""\""\""""},{""accessible"":true},{""isVisibleToUser"":true},{""isClickable"":true},{""isLongClickable"":false},{""screenWidth"":""\""\""""},{""screenHeight"":""\""\""""},{""screenDotsPerInch"":""\""\""""},{""calculatedWidth"":""\""40\""""},{""calculatedHeight"":""\""40\""""}]",https://app-accessibility.browserstack.com/automated-tests/projects/4149340/builds/ANDROID+Session/1?thBuildId=wrz9clzrcfubqmwsuh92jwvjweufztcted7tynwr&activeTab=all_issues&locator=eyJzbmFwX2luZGV4Ijo1LCJydWxlX2lkIjoidG91Y2gtdGFyZ2V0LXNpemUiLCJpc3N1ZV9pbmRleCI6IjUxIn0=,https://www.browserstack.com/docs/app-accessibility/rule-repository/rules-list/touch-target-size
Mobile App Accessibility Exploration, v,Touch Target Size,"Ensure that each interactive UI element has a focusable area, or touch target size, of at least 44x44 dp, logical pixels or equivalent",WCAG 2.2-2.5.5 AAA,Serious,seat-A8,6,52,No,None,None,FALSE,FALSE,"{""calculatedWidth"":""\""20\"""",""calculatedHeight"":""\""40\""""}",Users with motor limitations will find it difficult to accurately activate elements with the observed touch target size of '20 x 40'. The expected touch target size should be at minimum '44 x 44' to ensure accessibility and ease of use for all users.,"[{""className"":""\""android.widget.Button\""""},{""viewId"":""\""seat-A8\""""},{""frame"":""{\""x\"":1020,\""y\"":636,\""width\"":60,\""height\"":120}""},{""visibleText"":""\""\""""},{""accessible"":true},{""isVisibleToUser"":true},{""isClickable"":true},{""isLongClickable"":false},{""screenWidth"":""\""\""""},{""screenHeight"":""\""\""""},{""screenDotsPerInch"":""\""\""""},{""calculatedWidth"":""\""20\""""},{""calculatedHeight"":""\""40\""""}]",https://app-accessibility.browserstack.com/automated-tests/projects/4149340/builds/ANDROID+Session/1?thBuildId=wrz9clzrcfubqmwsuh92jwvjweufztcted7tynwr&activeTab=all_issues&locator=eyJzbmFwX2luZGV4Ijo1LCJydWxlX2lkIjoidG91Y2gtdGFyZ2V0LXNpemUiLCJpc3N1ZV9pbmRleCI6IjUyIn0=,https://www.browserstack.com/docs/app-accessibility/rule-repository/rules-list/touch-target-size
Mobile App Accessibility Exploration, v,Touch Target Size,"Ensure that each interactive UI element has a focusable area, or touch target size, of at least 44x44 dp, logical pixels or equivalent",WCAG 2.2-2.5.5 AAA,Serious,seat-A2,6,53,No,None,None,FALSE,FALSE,"{""calculatedWidth"":""\""40\"""",""calculatedHeight"":""\""40\""""}",Users with motor limitations will find it difficult to accurately activate elements with the observed touch target size of '40 x 40'. The expected touch target size should be at minimum '44 x 44' to ensure accessibility and ease of use for all users.,"[{""className"":""\""android.widget.Button\""""},{""viewId"":""\""seat-A2\""""},{""frame"":""{\""x\"":156,\""y\"":636,\""width\"":120,\""height\"":120}""},{""visibleText"":""\""\""""},{""accessible"":true},{""isVisibleToUser"":true},{""isClickable"":true},{""isLongClickable"":false},{""screenWidth"":""\""\""""},{""screenHeight"":""\""\""""},{""screenDotsPerInch"":""\""\""""},{""calculatedWidth"":""\""40\""""},{""calculatedHeight"":""\""40\""""}]",https://app-accessibility.browserstack.com/automated-tests/projects/4149340/builds/ANDROID+Session/1?thBuildId=wrz9clzrcfubqmwsuh92jwvjweufztcted7tynwr&activeTab=all_issues&locator=eyJzbmFwX2luZGV4Ijo1LCJydWxlX2lkIjoidG91Y2gtdGFyZ2V0LXNpemUiLCJpc3N1ZV9pbmRleCI6IjUzIn0=,https://www.browserstack.com/docs/app-accessibility/rule-repository/rules-list/touch-target-size
Mobile App Accessibility Exploration, v,Touch Target Size,"Ensure that each interactive UI element has a focusable area, or touch target size, of at least 44x44 dp, logical pixels or equivalent",WCAG 2.2-2.5.5 AAA,Serious,seat-D7,6,54,No,None,None,FALSE,FALSE,"{""calculatedWidth"":""\""40\"""",""calculatedHeight"":""\""40\""""}",Users with motor limitations will find it difficult to accurately activate elements with the observed touch target size of '40 x 40'. The expected touch target size should be at minimum '44 x 44' to ensure accessibility and ease of use for all users.,"[{""className"":""\""android.widget.Button\""""},{""viewId"":""\""seat-D7\""""},{""frame"":""{\""x\"":876,\""y\"":1068,\""width\"":120,\""height\"":120}""},{""visibleText"":""\""\""""},{""accessible"":true},{""isVisibleToUser"":true},{""isClickable"":true},{""isLongClickable"":false},{""screenWidth"":""\""\""""},{""screenHeight"":""\""\""""},{""screenDotsPerInch"":""\""\""""},{""calculatedWidth"":""\""40\""""},{""calculatedHeight"":""\""40\""""}]",https://app-accessibility.browserstack.com/automated-tests/projects/4149340/builds/ANDROID+Session/1?thBuildId=wrz9clzrcfubqmwsuh92jwvjweufztcted7tynwr&activeTab=all_issues&locator=eyJzbmFwX2luZGV4Ijo1LCJydWxlX2lkIjoidG91Y2gtdGFyZ2V0LXNpemUiLCJpc3N1ZV9pbmRleCI6IjU0In0=,https://www.browserstack.com/docs/app-accessibility/rule-repository/rules-list/touch-target-size
Mobile App Accessibility Exploration, v,Touch Target Size,"Ensure that each interactive UI element has a focusable area, or touch target size, of at least 44x44 dp, logical pixels or equivalent",WCAG 2.2-2.5.5 AAA,Serious,seat-A4,6,55,No,None,None,FALSE,FALSE,"{""calculatedWidth"":""\""40\"""",""calculatedHeight"":""\""40\""""}",Users with motor limitations will find it difficult to accurately activate elements with the observed touch target size of '40 x 40'. The expected touch target size should be at minimum '44 x 44' to ensure accessibility and ease of use for all users.,"[{""className"":""\""android.widget.Button\""""},{""viewId"":""\""seat-A4\""""},{""frame"":""{\""x\"":444,\""y\"":636,\""width\"":120,\""height\"":120}""},{""visibleText"":""\""\""""},{""accessible"":true},{""isVisibleToUser"":true},{""isClickable"":true},{""isLongClickable"":false},{""screenWidth"":""\""\""""},{""screenHeight"":""\""\""""},{""screenDotsPerInch"":""\""\""""},{""calculatedWidth"":""\""40\""""},{""calculatedHeight"":""\""40\""""}]",https://app-accessibility.browserstack.com/automated-tests/projects/4149340/builds/ANDROID+Session/1?thBuildId=wrz9clzrcfubqmwsuh92jwvjweufztcted7tynwr&activeTab=all_issues&locator=eyJzbmFwX2luZGV4Ijo1LCJydWxlX2lkIjoidG91Y2gtdGFyZ2V0LXNpemUiLCJpc3N1ZV9pbmRleCI6IjU1In0=,https://www.browserstack.com/docs/app-accessibility/rule-repository/rules-list/touch-target-size
Mobile App Accessibility Exploration, v,Touch Target Size,"Ensure that each interactive UI element has a focusable area, or touch target size, of at least 44x44 dp, logical pixels or equivalent",WCAG 2.2-2.5.5 AAA,Serious,seat-E2,6,56,No,None,None,FALSE,FALSE,"{""calculatedWidth"":""\""40\"""",""calculatedHeight"":""\""40\""""}",Users with motor limitations will find it difficult to accurately activate elements with the observed touch target size of '40 x 40'. The expected touch target size should be at minimum '44 x 44' to ensure accessibility and ease of use for all users.,"[{""className"":""\""android.widget.Button\""""},{""viewId"":""\""seat-E2\""""},{""frame"":""{\""x\"":156,\""y\"":1212,\""width\"":120,\""height\"":120}""},{""visibleText"":""\""\""""},{""accessible"":true},{""isVisibleToUser"":true},{""isClickable"":true},{""isLongClickable"":false},{""screenWidth"":""\""\""""},{""screenHeight"":""\""\""""},{""screenDotsPerInch"":""\""\""""},{""calculatedWidth"":""\""40\""""},{""calculatedHeight"":""\""40\""""}]",https://app-accessibility.browserstack.com/automated-tests/projects/4149340/builds/ANDROID+Session/1?thBuildId=wrz9clzrcfubqmwsuh92jwvjweufztcted7tynwr&activeTab=all_issues&locator=eyJzbmFwX2luZGV4Ijo1LCJydWxlX2lkIjoidG91Y2gtdGFyZ2V0LXNpemUiLCJpc3N1ZV9pbmRleCI6IjU2In0=,https://www.browserstack.com/docs/app-accessibility/rule-repository/rules-list/touch-target-size
Mobile App Accessibility Exploration, v,Missing Heading,Ensure that text elements visually functioning as headings are programmatically marked as headings,WCAG 2.2-1.3.1 A,Moderate,N/A,6,57,No,None,None,FALSE,FALSE,"{""text"":""\""Neon Skyline\"""",""isHeading"":false}",Ensure the elements serving as headings visually are programmatically marked as heading in respective frameworks,"[{""className"":""\""android.widget.TextView\""""},{""frame"":""{\""x\"":48,\""y\"":297,\""width\"":301,\""height\"":68}""},{""text"":""\""Neon Skyline\""""},{""detectedLabel"":""\""\""""},{""accessible"":true},{""isHeading"":false}]",https://app-accessibility.browserstack.com/automated-tests/projects/4149340/builds/ANDROID+Session/1?thBuildId=wrz9clzrcfubqmwsuh92jwvjweufztcted7tynwr&activeTab=all_issues&locator=eyJzbmFwX2luZGV4Ijo1LCJydWxlX2lkIjoibWlzc2luZy1oZWFkaW5nIiwiaXNzdWVfaW5kZXgiOiI1NyJ9,https://www.browserstack.com/docs/app-accessibility/rule-repository/rules-list/content-structure/missing-heading
Mobile App Accessibility Exploration, v,Missing Heading,Ensure that text elements visually functioning as headings are programmatically marked as headings,WCAG 2.2-1.3.1 A,Moderate,N/A,6,58,No,None,None,FALSE,FALSE,"{""text"":""\""Select a Seat\"""",""isHeading"":false}",Ensure the elements serving as headings visually are programmatically marked as heading in respective frameworks,"[{""className"":""\""android.widget.TextView\""""},{""frame"":""{\""x\"":216,\""y\"":124,\""width\"":354,\""height\"":81}""},{""text"":""\""Select a Seat\""""},{""detectedLabel"":""\""\""""},{""accessible"":true},{""isHeading"":false}]",https://app-accessibility.browserstack.com/automated-tests/projects/4149340/builds/ANDROID+Session/1?thBuildId=wrz9clzrcfubqmwsuh92jwvjweufztcted7tynwr&activeTab=all_issues&locator=eyJzbmFwX2luZGV4Ijo1LCJydWxlX2lkIjoibWlzc2luZy1oZWFkaW5nIiwiaXNzdWVfaW5kZXgiOiI1OCJ9,https://www.browserstack.com/docs/app-accessibility/rule-repository/rules-list/content-structure/missing-heading
Mobile App Accessibility Exploration, v,Text Element Color Contrast (Minimum),Text elements should have a minimum contrast ratio with their background: 4.5:1 for small text and 3:1 for large text.,WCAG 2.2-1.4.3 AA,Serious,N/A,7,1,No,None,None,FALSE,FALSE,"{""detectedForegroundColor"":""\""#F5B942\"""",""detectedBackgroundColor"":""\""#4A4FBF\"""",""calculatedColorContrast"":3.76}",Adjust the color of the text element or its background to meet the specified minimum contrast ratio.,"[{""className"":""\""android.widget.TextView\""""},{""viewId"":null},{""frame"":""{\""x\"":781,\""y\"":671,\""width\"":21,\""height\"":49}""},{""visibleText"":""\""6\""""},{""accessible"":true},{""detectedForegroundColor"":""\""#F5B942\""""},{""detectedBackgroundColor"":""\""#4A4FBF\""""},{""fontSize"":""\""12.0\""""},{""isPotentiallyObscured"":false},{""calculatedColorContrast"":3.76}]",https://app-accessibility.browserstack.com/automated-tests/projects/4149340/builds/ANDROID+Session/1?thBuildId=wrz9clzrcfubqmwsuh92jwvjweufztcted7tynwr&activeTab=all_issues&locator=eyJzbmFwX2luZGV4Ijo2LCJydWxlX2lkIjoidGV4dC1jb2xvci1jb250cmFzdCIsImlzc3VlX2luZGV4IjoiMSJ9,https://www.browserstack.com/docs/app-accessibility/rule-repository/rules-list/text-element-color-contrast
Mobile App Accessibility Exploration, v,Text Element Color Contrast (Minimum),Text elements should have a minimum contrast ratio with their background: 4.5:1 for small text and 3:1 for large text.,WCAG 2.2-1.4.3 AA,Serious,N/A,7,2,No,None,None,FALSE,FALSE,"{""detectedForegroundColor"":""\""#F5B942\"""",""detectedBackgroundColor"":""\""#4A4FBF\"""",""calculatedColorContrast"":3.76}",Adjust the color of the text element or its background to meet the specified minimum contrast ratio.,"[{""className"":""\""android.widget.TextView\""""},{""viewId"":null},{""frame"":""{\""x\"":349,\""y\"":671,\""width\"":21,\""height\"":49}""},{""visibleText"":""\""3\""""},{""accessible"":true},{""detectedForegroundColor"":""\""#F5B942\""""},{""detectedBackgroundColor"":""\""#4A4FBF\""""},{""fontSize"":""\""12.0\""""},{""isPotentiallyObscured"":false},{""calculatedColorContrast"":3.76}]",https://app-accessibility.browserstack.com/automated-tests/projects/4149340/builds/ANDROID+Session/1?thBuildId=wrz9clzrcfubqmwsuh92jwvjweufztcted7tynwr&activeTab=all_issues&locator=eyJzbmFwX2luZGV4Ijo2LCJydWxlX2lkIjoidGV4dC1jb2xvci1jb250cmFzdCIsImlzc3VlX2luZGV4IjoiMiJ9,https://www.browserstack.com/docs/app-accessibility/rule-repository/rules-list/text-element-color-contrast
Mobile App Accessibility Exploration, v,Text Element Color Contrast (Minimum),Text elements should have a minimum contrast ratio with their background: 4.5:1 for small text and 3:1 for large text.,WCAG 2.2-1.4.3 AA,Serious,N/A,7,3,No,None,None,FALSE,FALSE,"{""detectedForegroundColor"":""\""#F5B942\"""",""detectedBackgroundColor"":""\""#4A4FBF\"""",""calculatedColorContrast"":3.76}",Adjust the color of the text element or its background to meet the specified minimum contrast ratio.,"[{""className"":""\""android.widget.TextView\""""},{""viewId"":null},{""frame"":""{\""x\"":781,\""y\"":815,\""width\"":21,\""height\"":49}""},{""visibleText"":""\""6\""""},{""accessible"":true},{""detectedForegroundColor"":""\""#F5B942\""""},{""detectedBackgroundColor"":""\""#4A4FBF\""""},{""fontSize"":""\""12.0\""""},{""isPotentiallyObscured"":false},{""calculatedColorContrast"":3.76}]",https://app-accessibility.browserstack.com/automated-tests/projects/4149340/builds/ANDROID+Session/1?thBuildId=wrz9clzrcfubqmwsuh92jwvjweufztcted7tynwr&activeTab=all_issues&locator=eyJzbmFwX2luZGV4Ijo2LCJydWxlX2lkIjoidGV4dC1jb2xvci1jb250cmFzdCIsImlzc3VlX2luZGV4IjoiMyJ9,https://www.browserstack.com/docs/app-accessibility/rule-repository/rules-list/text-element-color-contrast
Mobile App Accessibility Exploration, v,Text Element Color Contrast (Minimum),Text elements should have a minimum contrast ratio with their background: 4.5:1 for small text and 3:1 for large text.,WCAG 2.2-1.4.3 AA,Serious,seat-selection-max-note,7,4,No,None,None,FALSE,FALSE,"{""detectedForegroundColor"":""\""#9497AD\"""",""detectedBackgroundColor"":""\""#FFFFFF\"""",""calculatedColorContrast"":2.88}",Adjust the color of the text element or its background to meet the specified minimum contrast ratio.,"[{""className"":""\""android.widget.TextView\""""},{""viewId"":""\""seat-selection-max-note\""""},{""frame"":""{\""x\"":48,\""y\"":371,\""width\"":376,\""height\"":53}""},{""visibleText"":""\""Select up to 10 seats.\""""},{""accessible"":true},{""detectedForegroundColor"":""\""#9497AD\""""},{""detectedBackgroundColor"":""\""#FFFFFF\""""},{""fontSize"":""\""13.0\""""},{""isPotentiallyObscured"":false},{""calculatedColorContrast"":2.88}]",https://app-accessibility.browserstack.com/automated-tests/projects/4149340/builds/ANDROID+Session/1?thBuildId=wrz9clzrcfubqmwsuh92jwvjweufztcted7tynwr&activeTab=all_issues&locator=eyJzbmFwX2luZGV4Ijo2LCJydWxlX2lkIjoidGV4dC1jb2xvci1jb250cmFzdCIsImlzc3VlX2luZGV4IjoiNCJ9,https://www.browserstack.com/docs/app-accessibility/rule-repository/rules-list/text-element-color-contrast
Mobile App Accessibility Exploration, v,Text Element Color Contrast (Minimum),Text elements should have a minimum contrast ratio with their background: 4.5:1 for small text and 3:1 for large text.,WCAG 2.2-1.4.3 AA,Serious,N/A,7,5,No,None,None,FALSE,FALSE,"{""detectedForegroundColor"":""\""#F5B942\"""",""detectedBackgroundColor"":""\""#4A4FBF\"""",""calculatedColorContrast"":3.76}",Adjust the color of the text element or its background to meet the specified minimum contrast ratio.,"[{""className"":""\""android.widget.TextView\""""},{""viewId"":null},{""frame"":""{\""x\"":349,\""y\"":815,\""width\"":21,\""height\"":49}""},{""visibleText"":""\""3\""""},{""accessible"":true},{""detectedForegroundColor"":""\""#F5B942\""""},{""detectedBackgroundColor"":""\""#4A4FBF\""""},{""fontSize"":""\""12.0\""""},{""isPotentiallyObscured"":false},{""calculatedColorContrast"":3.76}]",https://app-accessibility.browserstack.com/automated-tests/projects/4149340/builds/ANDROID+Session/1?thBuildId=wrz9clzrcfubqmwsuh92jwvjweufztcted7tynwr&activeTab=all_issues&locator=eyJzbmFwX2luZGV4Ijo2LCJydWxlX2lkIjoidGV4dC1jb2xvci1jb250cmFzdCIsImlzc3VlX2luZGV4IjoiNSJ9,https://www.browserstack.com/docs/app-accessibility/rule-repository/rules-list/text-element-color-contrast
Mobile App Accessibility Exploration, v,Text Element Color Contrast (Minimum),Text elements should have a minimum contrast ratio with their background: 4.5:1 for small text and 3:1 for large text.,WCAG 2.2-1.4.3 AA,Serious,N/A,7,6,No,None,None,FALSE,FALSE,"{""detectedForegroundColor"":""\""#4A4FBF\"""",""detectedBackgroundColor"":""\""#F5B942\"""",""calculatedColorContrast"":3.76}",Adjust the color of the text element or its background to meet the specified minimum contrast ratio.,"[{""className"":""\""android.widget.TextView\""""},{""viewId"":null},{""frame"":""{\""x\"":205,\""y\"":671,\""width\"":21,\""height\"":49}""},{""visibleText"":""\""2\""""},{""accessible"":true},{""detectedForegroundColor"":""\""#4A4FBF\""""},{""detectedBackgroundColor"":""\""#F5B942\""""},{""fontSize"":""\""12.0\""""},{""isPotentiallyObscured"":false},{""calculatedColorContrast"":3.76}]",https://app-accessibility.browserstack.com/automated-tests/projects/4149340/builds/ANDROID+Session/1?thBuildId=wrz9clzrcfubqmwsuh92jwvjweufztcted7tynwr&activeTab=all_issues&locator=eyJzbmFwX2luZGV4Ijo2LCJydWxlX2lkIjoidGV4dC1jb2xvci1jb250cmFzdCIsImlzc3VlX2luZGV4IjoiNiJ9,https://www.browserstack.com/docs/app-accessibility/rule-repository/rules-list/text-element-color-contrast
Mobile App Accessibility Exploration, v,Text Element Color Contrast (Minimum),Text elements should have a minimum contrast ratio with their background: 4.5:1 for small text and 3:1 for large text.,WCAG 2.2-1.4.3 AA,Serious,N/A,7,7,No,None,None,FALSE,FALSE,"{""detectedForegroundColor"":""\""#4A4FBF\"""",""detectedBackgroundColor"":""\""#F5B942\"""",""calculatedColorContrast"":3.76}",Adjust the color of the text element or its background to meet the specified minimum contrast ratio.,"[{""className"":""\""android.widget.TextView\""""},{""viewId"":null},{""frame"":""{\""x\"":925,\""y\"":671,\""width\"":21,\""height\"":49}""},{""visibleText"":""\""7\""""},{""accessible"":true},{""detectedForegroundColor"":""\""#4A4FBF\""""},{""detectedBackgroundColor"":""\""#F5B942\""""},{""fontSize"":""\""12.0\""""},{""isPotentiallyObscured"":false},{""calculatedColorContrast"":3.76}]",https://app-accessibility.browserstack.com/automated-tests/projects/4149340/builds/ANDROID+Session/1?thBuildId=wrz9clzrcfubqmwsuh92jwvjweufztcted7tynwr&activeTab=all_issues&locator=eyJzbmFwX2luZGV4Ijo2LCJydWxlX2lkIjoidGV4dC1jb2xvci1jb250cmFzdCIsImlzc3VlX2luZGV4IjoiNyJ9,https://www.browserstack.com/docs/app-accessibility/rule-repository/rules-list/text-element-color-contrast
Mobile App Accessibility Exploration, v,Text Element Color Contrast (Minimum),Text elements should have a minimum contrast ratio with their background: 4.5:1 for small text and 3:1 for large text.,WCAG 2.2-1.4.3 AA,Serious,N/A,7,8,No,None,None,FALSE,FALSE,"{""detectedForegroundColor"":""\""#F5B942\"""",""detectedBackgroundColor"":""\""#4A4FBF\"""",""calculatedColorContrast"":3.76}",Adjust the color of the text element or its background to meet the specified minimum contrast ratio.,"[{""className"":""\""android.widget.TextView\""""},{""viewId"":null},{""frame"":""{\""x\"":637,\""y\"":671,\""width\"":21,\""height\"":49}""},{""visibleText"":""\""5\""""},{""accessible"":true},{""detectedForegroundColor"":""\""#F5B942\""""},{""detectedBackgroundColor"":""\""#4A4FBF\""""},{""fontSize"":""\""12.0\""""},{""isPotentiallyObscured"":false},{""calculatedColorContrast"":3.76}]",https://app-accessibility.browserstack.com/automated-tests/projects/4149340/builds/ANDROID+Session/1?thBuildId=wrz9clzrcfubqmwsuh92jwvjweufztcted7tynwr&activeTab=all_issues&locator=eyJzbmFwX2luZGV4Ijo2LCJydWxlX2lkIjoidGV4dC1jb2xvci1jb250cmFzdCIsImlzc3VlX2luZGV4IjoiOCJ9,https://www.browserstack.com/docs/app-accessibility/rule-repository/rules-list/text-element-color-contrast
Mobile App Accessibility Exploration, v,Text Element Color Contrast (Minimum),Text elements should have a minimum contrast ratio with their background: 4.5:1 for small text and 3:1 for large text.,WCAG 2.2-1.4.3 AA,Serious,N/A,7,9,No,None,None,FALSE,FALSE,"{""detectedForegroundColor"":""\""#4A4FBF\"""",""detectedBackgroundColor"":""\""#F5B942\"""",""calculatedColorContrast"":3.76}",Adjust the color of the text element or its background to meet the specified minimum contrast ratio.,"[{""className"":""\""android.widget.TextView\""""},{""viewId"":null},{""frame"":""{\""x\"":61,\""y\"":815,\""width\"":21,\""height\"":49}""},{""visibleText"":""\""1\""""},{""accessible"":true},{""detectedForegroundColor"":""\""#4A4FBF\""""},{""detectedBackgroundColor"":""\""#F5B942\""""},{""fontSize"":""\""12.0\""""},{""isPotentiallyObscured"":false},{""calculatedColorContrast"":3.76}]",https://app-accessibility.browserstack.com/automated-tests/projects/4149340/builds/ANDROID+Session/1?thBuildId=wrz9clzrcfubqmwsuh92jwvjweufztcted7tynwr&activeTab=all_issues&locator=eyJzbmFwX2luZGV4Ijo2LCJydWxlX2lkIjoidGV4dC1jb2xvci1jb250cmFzdCIsImlzc3VlX2luZGV4IjoiOSJ9,https://www.browserstack.com/docs/app-accessibility/rule-repository/rules-list/text-element-color-contrast
Mobile App Accessibility Exploration, v,Text Element Color Contrast (Minimum),Text elements should have a minimum contrast ratio with their background: 4.5:1 for small text and 3:1 for large text.,WCAG 2.2-1.4.3 AA,Serious,N/A,7,10,No,None,None,FALSE,FALSE,"{""detectedForegroundColor"":""\""#4A4FBF\"""",""detectedBackgroundColor"":""\""#F5B942\"""",""calculatedColorContrast"":3.76}",Adjust the color of the text element or its background to meet the specified minimum contrast ratio.,"[{""className"":""\""android.widget.TextView\""""},{""viewId"":null},{""frame"":""{\""x\"":493,\""y\"":815,\""width\"":21,\""height\"":49}""},{""visibleText"":""\""4\""""},{""accessible"":true},{""detectedForegroundColor"":""\""#4A4FBF\""""},{""detectedBackgroundColor"":""\""#F5B942\""""},{""fontSize"":""\""12.0\""""},{""isPotentiallyObscured"":false},{""calculatedColorContrast"":3.76}]",https://app-accessibility.browserstack.com/automated-tests/projects/4149340/builds/ANDROID+Session/1?thBuildId=wrz9clzrcfubqmwsuh92jwvjweufztcted7tynwr&activeTab=all_issues&locator=eyJzbmFwX2luZGV4Ijo2LCJydWxlX2lkIjoidGV4dC1jb2xvci1jb250cmFzdCIsImlzc3VlX2luZGV4IjoiMTAifQ==,https://www.browserstack.com/docs/app-accessibility/rule-repository/rules-list/text-element-color-contrast
Mobile App Accessibility Exploration, v,Text Element Color Contrast (Minimum),Text elements should have a minimum contrast ratio with their background: 4.5:1 for small text and 3:1 for large text.,WCAG 2.2-1.4.3 AA,Serious,N/A,7,11,No,None,None,FALSE,FALSE,"{""detectedForegroundColor"":""\""#9497AD\"""",""detectedBackgroundColor"":""\""#EEF0FA\"""",""calculatedColorContrast"":2.54}",Adjust the color of the text element or its background to meet the specified minimum contrast ratio.,"[{""className"":""\""android.widget.TextView\""""},{""viewId"":null},{""frame"":""{\""x\"":467,\""y\"":508,\""width\"":147,\""height\"":44}""},{""visibleText"":""\""STAGE\""""},{""accessible"":true},{""detectedForegroundColor"":""\""#9497AD\""""},{""detectedBackgroundColor"":""\""#EEF0FA\""""},{""fontSize"":""\""11.0\""""},{""isPotentiallyObscured"":false},{""calculatedColorContrast"":2.54}]",https://app-accessibility.browserstack.com/automated-tests/projects/4149340/builds/ANDROID+Session/1?thBuildId=wrz9clzrcfubqmwsuh92jwvjweufztcted7tynwr&activeTab=all_issues&locator=eyJzbmFwX2luZGV4Ijo2LCJydWxlX2lkIjoidGV4dC1jb2xvci1jb250cmFzdCIsImlzc3VlX2luZGV4IjoiMTEifQ==,https://www.browserstack.com/docs/app-accessibility/rule-repository/rules-list/text-element-color-contrast
Mobile App Accessibility Exploration, v,Text Element Color Contrast (Minimum),Text elements should have a minimum contrast ratio with their background: 4.5:1 for small text and 3:1 for large text.,WCAG 2.2-1.4.3 AA,Serious,N/A,7,12,No,None,None,FALSE,FALSE,"{""detectedForegroundColor"":""\""#4A4FBF\"""",""detectedBackgroundColor"":""\""#F5B942\"""",""calculatedColorContrast"":3.76}",Adjust the color of the text element or its background to meet the specified minimum contrast ratio.,"[{""className"":""\""android.widget.TextView\""""},{""viewId"":null},{""frame"":""{\""x\"":493,\""y\"":671,\""width\"":21,\""height\"":49}""},{""visibleText"":""\""4\""""},{""accessible"":true},{""detectedForegroundColor"":""\""#4A4FBF\""""},{""detectedBackgroundColor"":""\""#F5B942\""""},{""fontSize"":""\""12.0\""""},{""isPotentiallyObscured"":false},{""calculatedColorContrast"":3.76}]",https://app-accessibility.browserstack.com/automated-tests/projects/4149340/builds/ANDROID+Session/1?thBuildId=wrz9clzrcfubqmwsuh92jwvjweufztcted7tynwr&activeTab=all_issues&locator=eyJzbmFwX2luZGV4Ijo2LCJydWxlX2lkIjoidGV4dC1jb2xvci1jb250cmFzdCIsImlzc3VlX2luZGV4IjoiMTIifQ==,https://www.browserstack.com/docs/app-accessibility/rule-repository/rules-list/text-element-color-contrast
Mobile App Accessibility Exploration, v,Text Element Color Contrast (Minimum),Text elements should have a minimum contrast ratio with their background: 4.5:1 for small text and 3:1 for large text.,WCAG 2.2-1.4.3 AA,Serious,N/A,7,13,No,None,None,FALSE,FALSE,"{""detectedForegroundColor"":""\""#4A4FBF\"""",""detectedBackgroundColor"":""\""#F5B942\"""",""calculatedColorContrast"":3.76}",Adjust the color of the text element or its background to meet the specified minimum contrast ratio.,"[{""className"":""\""android.widget.TextView\""""},{""viewId"":null},{""frame"":""{\""x\"":205,\""y\"":815,\""width\"":21,\""height\"":49}""},{""visibleText"":""\""2\""""},{""accessible"":true},{""detectedForegroundColor"":""\""#4A4FBF\""""},{""detectedBackgroundColor"":""\""#F5B942\""""},{""fontSize"":""\""12.0\""""},{""isPotentiallyObscured"":false},{""calculatedColorContrast"":3.76}]",https://app-accessibility.browserstack.com/automated-tests/projects/4149340/builds/ANDROID+Session/1?thBuildId=wrz9clzrcfubqmwsuh92jwvjweufztcted7tynwr&activeTab=all_issues&locator=eyJzbmFwX2luZGV4Ijo2LCJydWxlX2lkIjoidGV4dC1jb2xvci1jb250cmFzdCIsImlzc3VlX2luZGV4IjoiMTMifQ==,https://www.browserstack.com/docs/app-accessibility/rule-repository/rules-list/text-element-color-contrast
Mobile App Accessibility Exploration, v,Text Element Color Contrast (Minimum),Text elements should have a minimum contrast ratio with their background: 4.5:1 for small text and 3:1 for large text.,WCAG 2.2-1.4.3 AA,Serious,N/A,7,14,No,None,None,FALSE,FALSE,"{""detectedForegroundColor"":""\""#4A4FBF\"""",""detectedBackgroundColor"":""\""#F5B942\"""",""calculatedColorContrast"":3.76}",Adjust the color of the text element or its background to meet the specified minimum contrast ratio.,"[{""className"":""\""android.widget.TextView\""""},{""viewId"":null},{""frame"":""{\""x\"":925,\""y\"":815,\""width\"":21,\""height\"":49}""},{""visibleText"":""\""7\""""},{""accessible"":true},{""detectedForegroundColor"":""\""#4A4FBF\""""},{""detectedBackgroundColor"":""\""#F5B942\""""},{""fontSize"":""\""12.0\""""},{""isPotentiallyObscured"":false},{""calculatedColorContrast"":3.76}]",https://app-accessibility.browserstack.com/automated-tests/projects/4149340/builds/ANDROID+Session/1?thBuildId=wrz9clzrcfubqmwsuh92jwvjweufztcted7tynwr&activeTab=all_issues&locator=eyJzbmFwX2luZGV4Ijo2LCJydWxlX2lkIjoidGV4dC1jb2xvci1jb250cmFzdCIsImlzc3VlX2luZGV4IjoiMTQifQ==,https://www.browserstack.com/docs/app-accessibility/rule-repository/rules-list/text-element-color-contrast
Mobile App Accessibility Exploration, v,Text Element Color Contrast (Minimum),Text elements should have a minimum contrast ratio with their background: 4.5:1 for small text and 3:1 for large text.,WCAG 2.2-1.4.3 AA,Serious,N/A,7,15,No,None,None,FALSE,FALSE,"{""detectedForegroundColor"":""\""#F5B942\"""",""detectedBackgroundColor"":""\""#4A4FBF\"""",""calculatedColorContrast"":3.76}",Adjust the color of the text element or its background to meet the specified minimum contrast ratio.,"[{""className"":""\""android.widget.TextView\""""},{""viewId"":null},{""frame"":""{\""x\"":637,\""y\"":815,\""width\"":21,\""height\"":49}""},{""visibleText"":""\""5\""""},{""accessible"":true},{""detectedForegroundColor"":""\""#F5B942\""""},{""detectedBackgroundColor"":""\""#4A4FBF\""""},{""fontSize"":""\""12.0\""""},{""isPotentiallyObscured"":false},{""calculatedColorContrast"":3.76}]",https://app-accessibility.browserstack.com/automated-tests/projects/4149340/builds/ANDROID+Session/1?thBuildId=wrz9clzrcfubqmwsuh92jwvjweufztcted7tynwr&activeTab=all_issues&locator=eyJzbmFwX2luZGV4Ijo2LCJydWxlX2lkIjoidGV4dC1jb2xvci1jb250cmFzdCIsImlzc3VlX2luZGV4IjoiMTUifQ==,https://www.browserstack.com/docs/app-accessibility/rule-repository/rules-list/text-element-color-contrast
Mobile App Accessibility Exploration, v,Text Element Color Contrast (Minimum),Text elements should have a minimum contrast ratio with their background: 4.5:1 for small text and 3:1 for large text.,WCAG 2.2-1.4.3 AA,Serious,seat-selection-summary,7,57,Yes,None,None,FALSE,FALSE,"{""detectedForegroundColor"":""\""#EEF0FA\"""",""detectedBackgroundColor"":""\""#EEF0FA\"""",""calculatedColorContrast"":1}",Adjust the color of the text element or its background to meet the specified minimum contrast ratio.,"[{""className"":""\""android.widget.TextView\""""},{""viewId"":""\""seat-selection-summary\""""},{""frame"":""{\""x\"":96,\""y\"":1850,\""width\"":307,\""height\"":61}""},{""visibleText"":""\""1 seat selected\""""},{""accessible"":true},{""detectedForegroundColor"":""\""#EEF0FA\""""},{""detectedBackgroundColor"":""\""#EEF0FA\""""},{""fontSize"":""\""15.0\""""},{""isPotentiallyObscured"":false},{""calculatedColorContrast"":1}]",https://app-accessibility.browserstack.com/automated-tests/projects/4149340/builds/ANDROID+Session/1?thBuildId=wrz9clzrcfubqmwsuh92jwvjweufztcted7tynwr&activeTab=all_issues&locator=eyJzbmFwX2luZGV4Ijo2LCJydWxlX2lkIjoidGV4dC1jb2xvci1jb250cmFzdCIsImlzc3VlX2luZGV4IjoiNTcifQ==,https://www.browserstack.com/docs/app-accessibility/rule-repository/rules-list/text-element-color-contrast
Mobile App Accessibility Exploration, v,Touch Target Size,"Ensure that each interactive UI element has a focusable area, or touch target size, of at least 44x44 dp, logical pixels or equivalent",WCAG 2.2-2.5.5 AAA,Serious,seat-C5,7,16,No,None,None,FALSE,FALSE,"{""calculatedWidth"":""\""40\"""",""calculatedHeight"":""\""40\""""}",Users with motor limitations will find it difficult to accurately activate elements with the observed touch target size of '40 x 40'. The expected touch target size should be at minimum '44 x 44' to ensure accessibility and ease of use for all users.,"[{""className"":""\""android.widget.Button\""""},{""viewId"":""\""seat-C5\""""},{""frame"":""{\""x\"":588,\""y\"":924,\""width\"":120,\""height\"":120}""},{""visibleText"":""\""\""""},{""accessible"":true},{""isVisibleToUser"":true},{""isClickable"":true},{""isLongClickable"":false},{""screenWidth"":""\""\""""},{""screenHeight"":""\""\""""},{""screenDotsPerInch"":""\""\""""},{""calculatedWidth"":""\""40\""""},{""calculatedHeight"":""\""40\""""}]",https://app-accessibility.browserstack.com/automated-tests/projects/4149340/builds/ANDROID+Session/1?thBuildId=wrz9clzrcfubqmwsuh92jwvjweufztcted7tynwr&activeTab=all_issues&locator=eyJzbmFwX2luZGV4Ijo2LCJydWxlX2lkIjoidG91Y2gtdGFyZ2V0LXNpemUiLCJpc3N1ZV9pbmRleCI6IjE2In0=,https://www.browserstack.com/docs/app-accessibility/rule-repository/rules-list/touch-target-size
Mobile App Accessibility Exploration, v,Touch Target Size,"Ensure that each interactive UI element has a focusable area, or touch target size, of at least 44x44 dp, logical pixels or equivalent",WCAG 2.2-2.5.5 AAA,Serious,seat-D4,7,17,No,None,None,FALSE,FALSE,"{""calculatedWidth"":""\""40\"""",""calculatedHeight"":""\""40\""""}",Users with motor limitations will find it difficult to accurately activate elements with the observed touch target size of '40 x 40'. The expected touch target size should be at minimum '44 x 44' to ensure accessibility and ease of use for all users.,"[{""className"":""\""android.widget.Button\""""},{""viewId"":""\""seat-D4\""""},{""frame"":""{\""x\"":444,\""y\"":1068,\""width\"":120,\""height\"":120}""},{""visibleText"":""\""\""""},{""accessible"":true},{""isVisibleToUser"":true},{""isClickable"":true},{""isLongClickable"":false},{""screenWidth"":""\""\""""},{""screenHeight"":""\""\""""},{""screenDotsPerInch"":""\""\""""},{""calculatedWidth"":""\""40\""""},{""calculatedHeight"":""\""40\""""}]",https://app-accessibility.browserstack.com/automated-tests/projects/4149340/builds/ANDROID+Session/1?thBuildId=wrz9clzrcfubqmwsuh92jwvjweufztcted7tynwr&activeTab=all_issues&locator=eyJzbmFwX2luZGV4Ijo2LCJydWxlX2lkIjoidG91Y2gtdGFyZ2V0LXNpemUiLCJpc3N1ZV9pbmRleCI6IjE3In0=,https://www.browserstack.com/docs/app-accessibility/rule-repository/rules-list/touch-target-size
Mobile App Accessibility Exploration, v,Touch Target Size,"Ensure that each interactive UI element has a focusable area, or touch target size, of at least 44x44 dp, logical pixels or equivalent",WCAG 2.2-2.5.5 AAA,Serious,seat-C1,7,18,No,None,None,FALSE,FALSE,"{""calculatedWidth"":""\""40\"""",""calculatedHeight"":""\""40\""""}",Users with motor limitations will find it difficult to accurately activate elements with the observed touch target size of '40 x 40'. The expected touch target size should be at minimum '44 x 44' to ensure accessibility and ease of use for all users.,"[{""className"":""\""android.widget.Button\""""},{""viewId"":""\""seat-C1\""""},{""frame"":""{\""x\"":12,\""y\"":924,\""width\"":120,\""height\"":120}""},{""visibleText"":""\""\""""},{""accessible"":true},{""isVisibleToUser"":true},{""isClickable"":true},{""isLongClickable"":false},{""screenWidth"":""\""\""""},{""screenHeight"":""\""\""""},{""screenDotsPerInch"":""\""\""""},{""calculatedWidth"":""\""40\""""},{""calculatedHeight"":""\""40\""""}]",https://app-accessibility.browserstack.com/automated-tests/projects/4149340/builds/ANDROID+Session/1?thBuildId=wrz9clzrcfubqmwsuh92jwvjweufztcted7tynwr&activeTab=all_issues&locator=eyJzbmFwX2luZGV4Ijo2LCJydWxlX2lkIjoidG91Y2gtdGFyZ2V0LXNpemUiLCJpc3N1ZV9pbmRleCI6IjE4In0=,https://www.browserstack.com/docs/app-accessibility/rule-repository/rules-list/touch-target-size
Mobile App Accessibility Exploration, v,Touch Target Size,"Ensure that each interactive UI element has a focusable area, or touch target size, of at least 44x44 dp, logical pixels or equivalent",WCAG 2.2-2.5.5 AAA,Serious,seat-D8,7,19,No,None,None,FALSE,FALSE,"{""calculatedWidth"":""\""20\"""",""calculatedHeight"":""\""40\""""}",Users with motor limitations will find it difficult to accurately activate elements with the observed touch target size of '20 x 40'. The expected touch target size should be at minimum '44 x 44' to ensure accessibility and ease of use for all users.,"[{""className"":""\""android.widget.Button\""""},{""viewId"":""\""seat-D8\""""},{""frame"":""{\""x\"":1020,\""y\"":1068,\""width\"":60,\""height\"":120}""},{""visibleText"":""\""\""""},{""accessible"":true},{""isVisibleToUser"":true},{""isClickable"":true},{""isLongClickable"":false},{""screenWidth"":""\""\""""},{""screenHeight"":""\""\""""},{""screenDotsPerInch"":""\""\""""},{""calculatedWidth"":""\""20\""""},{""calculatedHeight"":""\""40\""""}]",https://app-accessibility.browserstack.com/automated-tests/projects/4149340/builds/ANDROID+Session/1?thBuildId=wrz9clzrcfubqmwsuh92jwvjweufztcted7tynwr&activeTab=all_issues&locator=eyJzbmFwX2luZGV4Ijo2LCJydWxlX2lkIjoidG91Y2gtdGFyZ2V0LXNpemUiLCJpc3N1ZV9pbmRleCI6IjE5In0=,https://www.browserstack.com/docs/app-accessibility/rule-repository/rules-list/touch-target-size
Mobile App Accessibility Exploration, v,Touch Target Size,"Ensure that each interactive UI element has a focusable area, or touch target size, of at least 44x44 dp, logical pixels or equivalent",WCAG 2.2-2.5.5 AAA,Serious,seat-E3,7,20,No,None,None,FALSE,FALSE,"{""calculatedWidth"":""\""40\"""",""calculatedHeight"":""\""40\""""}",Users with motor limitations will find it difficult to accurately activate elements with the observed touch target size of '40 x 40'. The expected touch target size should be at minimum '44 x 44' to ensure accessibility and ease of use for all users.,"[{""className"":""\""android.widget.Button\""""},{""viewId"":""\""seat-E3\""""},{""frame"":""{\""x\"":300,\""y\"":1212,\""width\"":120,\""height\"":120}""},{""visibleText"":""\""\""""},{""accessible"":true},{""isVisibleToUser"":true},{""isClickable"":true},{""isLongClickable"":false},{""screenWidth"":""\""\""""},{""screenHeight"":""\""\""""},{""screenDotsPerInch"":""\""\""""},{""calculatedWidth"":""\""40\""""},{""calculatedHeight"":""\""40\""""}]",https://app-accessibility.browserstack.com/automated-tests/projects/4149340/builds/ANDROID+Session/1?thBuildId=wrz9clzrcfubqmwsuh92jwvjweufztcted7tynwr&activeTab=all_issues&locator=eyJzbmFwX2luZGV4Ijo2LCJydWxlX2lkIjoidG91Y2gtdGFyZ2V0LXNpemUiLCJpc3N1ZV9pbmRleCI6IjIwIn0=,https://www.browserstack.com/docs/app-accessibility/rule-repository/rules-list/touch-target-size
Mobile App Accessibility Exploration, v,Touch Target Size,"Ensure that each interactive UI element has a focusable area, or touch target size, of at least 44x44 dp, logical pixels or equivalent",WCAG 2.2-2.5.5 AAA,Serious,seat-A5,7,21,No,None,None,FALSE,FALSE,"{""calculatedWidth"":""\""40\"""",""calculatedHeight"":""\""40\""""}",Users with motor limitations will find it difficult to accurately activate elements with the observed touch target size of '40 x 40'. The expected touch target size should be at minimum '44 x 44' to ensure accessibility and ease of use for all users.,"[{""className"":""\""android.widget.Button\""""},{""viewId"":""\""seat-A5\""""},{""frame"":""{\""x\"":588,\""y\"":636,\""width\"":120,\""height\"":120}""},{""visibleText"":""\""\""""},{""accessible"":true},{""isVisibleToUser"":true},{""isClickable"":true},{""isLongClickable"":false},{""screenWidth"":""\""\""""},{""screenHeight"":""\""\""""},{""screenDotsPerInch"":""\""\""""},{""calculatedWidth"":""\""40\""""},{""calculatedHeight"":""\""40\""""}]",https://app-accessibility.browserstack.com/automated-tests/projects/4149340/builds/ANDROID+Session/1?thBuildId=wrz9clzrcfubqmwsuh92jwvjweufztcted7tynwr&activeTab=all_issues&locator=eyJzbmFwX2luZGV4Ijo2LCJydWxlX2lkIjoidG91Y2gtdGFyZ2V0LXNpemUiLCJpc3N1ZV9pbmRleCI6IjIxIn0=,https://www.browserstack.com/docs/app-accessibility/rule-repository/rules-list/touch-target-size
Mobile App Accessibility Exploration, v,Touch Target Size,"Ensure that each interactive UI element has a focusable area, or touch target size, of at least 44x44 dp, logical pixels or equivalent",WCAG 2.2-2.5.5 AAA,Serious,seat-B4,7,22,No,None,None,FALSE,FALSE,"{""calculatedWidth"":""\""40\"""",""calculatedHeight"":""\""40\""""}",Users with motor limitations will find it difficult to accurately activate elements with the observed touch target size of '40 x 40'. The expected touch target size should be at minimum '44 x 44' to ensure accessibility and ease of use for all users.,"[{""className"":""\""android.widget.Button\""""},{""viewId"":""\""seat-B4\""""},{""frame"":""{\""x\"":444,\""y\"":780,\""width\"":120,\""height\"":120}""},{""visibleText"":""\""\""""},{""accessible"":true},{""isVisibleToUser"":true},{""isClickable"":true},{""isLongClickable"":false},{""screenWidth"":""\""\""""},{""screenHeight"":""\""\""""},{""screenDotsPerInch"":""\""\""""},{""calculatedWidth"":""\""40\""""},{""calculatedHeight"":""\""40\""""}]",https://app-accessibility.browserstack.com/automated-tests/projects/4149340/builds/ANDROID+Session/1?thBuildId=wrz9clzrcfubqmwsuh92jwvjweufztcted7tynwr&activeTab=all_issues&locator=eyJzbmFwX2luZGV4Ijo2LCJydWxlX2lkIjoidG91Y2gtdGFyZ2V0LXNpemUiLCJpc3N1ZV9pbmRleCI6IjIyIn0=,https://www.browserstack.com/docs/app-accessibility/rule-repository/rules-list/touch-target-size
Mobile App Accessibility Exploration, v,Touch Target Size,"Ensure that each interactive UI element has a focusable area, or touch target size, of at least 44x44 dp, logical pixels or equivalent",WCAG 2.2-2.5.5 AAA,Serious,seat-E6,7,23,No,None,None,FALSE,FALSE,"{""calculatedWidth"":""\""40\"""",""calculatedHeight"":""\""40\""""}",Users with motor limitations will find it difficult to accurately activate elements with the observed touch target size of '40 x 40'. The expected touch target size should be at minimum '44 x 44' to ensure accessibility and ease of use for all users.,"[{""className"":""\""android.widget.Button\""""},{""viewId"":""\""seat-E6\""""},{""frame"":""{\""x\"":732,\""y\"":1212,\""width\"":120,\""height\"":120}""},{""visibleText"":""\""\""""},{""accessible"":true},{""isVisibleToUser"":true},{""isClickable"":true},{""isLongClickable"":false},{""screenWidth"":""\""\""""},{""screenHeight"":""\""\""""},{""screenDotsPerInch"":""\""\""""},{""calculatedWidth"":""\""40\""""},{""calculatedHeight"":""\""40\""""}]",https://app-accessibility.browserstack.com/automated-tests/projects/4149340/builds/ANDROID+Session/1?thBuildId=wrz9clzrcfubqmwsuh92jwvjweufztcted7tynwr&activeTab=all_issues&locator=eyJzbmFwX2luZGV4Ijo2LCJydWxlX2lkIjoidG91Y2gtdGFyZ2V0LXNpemUiLCJpc3N1ZV9pbmRleCI6IjIzIn0=,https://www.browserstack.com/docs/app-accessibility/rule-repository/rules-list/touch-target-size
Mobile App Accessibility Exploration, v,Touch Target Size,"Ensure that each interactive UI element has a focusable area, or touch target size, of at least 44x44 dp, logical pixels or equivalent",WCAG 2.2-2.5.5 AAA,Serious,seat-D6,7,24,No,None,None,FALSE,FALSE,"{""calculatedWidth"":""\""40\"""",""calculatedHeight"":""\""40\""""}",Users with motor limitations will find it difficult to accurately activate elements with the observed touch target size of '40 x 40'. The expected touch target size should be at minimum '44 x 44' to ensure accessibility and ease of use for all users.,"[{""className"":""\""android.widget.Button\""""},{""viewId"":""\""seat-D6\""""},{""frame"":""{\""x\"":732,\""y\"":1068,\""width\"":120,\""height\"":120}""},{""visibleText"":""\""\""""},{""accessible"":true},{""isVisibleToUser"":true},{""isClickable"":true},{""isLongClickable"":false},{""screenWidth"":""\""\""""},{""screenHeight"":""\""\""""},{""screenDotsPerInch"":""\""\""""},{""calculatedWidth"":""\""40\""""},{""calculatedHeight"":""\""40\""""}]",https://app-accessibility.browserstack.com/automated-tests/projects/4149340/builds/ANDROID+Session/1?thBuildId=wrz9clzrcfubqmwsuh92jwvjweufztcted7tynwr&activeTab=all_issues&locator=eyJzbmFwX2luZGV4Ijo2LCJydWxlX2lkIjoidG91Y2gtdGFyZ2V0LXNpemUiLCJpc3N1ZV9pbmRleCI6IjI0In0=,https://www.browserstack.com/docs/app-accessibility/rule-repository/rules-list/touch-target-size
Mobile App Accessibility Exploration, v,Touch Target Size,"Ensure that each interactive UI element has a focusable area, or touch target size, of at least 44x44 dp, logical pixels or equivalent",WCAG 2.2-2.5.5 AAA,Serious,seat-A1,7,25,No,None,None,FALSE,FALSE,"{""calculatedWidth"":""\""40\"""",""calculatedHeight"":""\""40\""""}",Users with motor limitations will find it difficult to accurately activate elements with the observed touch target size of '40 x 40'. The expected touch target size should be at minimum '44 x 44' to ensure accessibility and ease of use for all users.,"[{""className"":""\""android.widget.Button\""""},{""viewId"":""\""seat-A1\""""},{""frame"":""{\""x\"":12,\""y\"":636,\""width\"":120,\""height\"":120}""},{""visibleText"":""\""\""""},{""accessible"":true},{""isVisibleToUser"":true},{""isClickable"":true},{""isLongClickable"":false},{""screenWidth"":""\""\""""},{""screenHeight"":""\""\""""},{""screenDotsPerInch"":""\""\""""},{""calculatedWidth"":""\""40\""""},{""calculatedHeight"":""\""40\""""}]",https://app-accessibility.browserstack.com/automated-tests/projects/4149340/builds/ANDROID+Session/1?thBuildId=wrz9clzrcfubqmwsuh92jwvjweufztcted7tynwr&activeTab=all_issues&locator=eyJzbmFwX2luZGV4Ijo2LCJydWxlX2lkIjoidG91Y2gtdGFyZ2V0LXNpemUiLCJpc3N1ZV9pbmRleCI6IjI1In0=,https://www.browserstack.com/docs/app-accessibility/rule-repository/rules-list/touch-target-size
Mobile App Accessibility Exploration, v,Touch Target Size,"Ensure that each interactive UI element has a focusable area, or touch target size, of at least 44x44 dp, logical pixels or equivalent",WCAG 2.2-2.5.5 AAA,Serious,seat-C7,7,26,No,None,None,FALSE,FALSE,"{""calculatedWidth"":""\""40\"""",""calculatedHeight"":""\""40\""""}",Users with motor limitations will find it difficult to accurately activate elements with the observed touch target size of '40 x 40'. The expected touch target size should be at minimum '44 x 44' to ensure accessibility and ease of use for all users.,"[{""className"":""\""android.widget.Button\""""},{""viewId"":""\""seat-C7\""""},{""frame"":""{\""x\"":876,\""y\"":924,\""width\"":120,\""height\"":120}""},{""visibleText"":""\""\""""},{""accessible"":true},{""isVisibleToUser"":true},{""isClickable"":true},{""isLongClickable"":false},{""screenWidth"":""\""\""""},{""screenHeight"":""\""\""""},{""screenDotsPerInch"":""\""\""""},{""calculatedWidth"":""\""40\""""},{""calculatedHeight"":""\""40\""""}]",https://app-accessibility.browserstack.com/automated-tests/projects/4149340/builds/ANDROID+Session/1?thBuildId=wrz9clzrcfubqmwsuh92jwvjweufztcted7tynwr&activeTab=all_issues&locator=eyJzbmFwX2luZGV4Ijo2LCJydWxlX2lkIjoidG91Y2gtdGFyZ2V0LXNpemUiLCJpc3N1ZV9pbmRleCI6IjI2In0=,https://www.browserstack.com/docs/app-accessibility/rule-repository/rules-list/touch-target-size
Mobile App Accessibility Exploration, v,Touch Target Size,"Ensure that each interactive UI element has a focusable area, or touch target size, of at least 44x44 dp, logical pixels or equivalent",WCAG 2.2-2.5.5 AAA,Serious,seat-E5,7,27,No,None,None,FALSE,FALSE,"{""calculatedWidth"":""\""40\"""",""calculatedHeight"":""\""40\""""}",Users with motor limitations will find it difficult to accurately activate elements with the observed touch target size of '40 x 40'. The expected touch target size should be at minimum '44 x 44' to ensure accessibility and ease of use for all users.,"[{""className"":""\""android.widget.Button\""""},{""viewId"":""\""seat-E5\""""},{""frame"":""{\""x\"":588,\""y\"":1212,\""width\"":120,\""height\"":120}""},{""visibleText"":""\""\""""},{""accessible"":true},{""isVisibleToUser"":true},{""isClickable"":true},{""isLongClickable"":false},{""screenWidth"":""\""\""""},{""screenHeight"":""\""\""""},{""screenDotsPerInch"":""\""\""""},{""calculatedWidth"":""\""40\""""},{""calculatedHeight"":""\""40\""""}]",https://app-accessibility.browserstack.com/automated-tests/projects/4149340/builds/ANDROID+Session/1?thBuildId=wrz9clzrcfubqmwsuh92jwvjweufztcted7tynwr&activeTab=all_issues&locator=eyJzbmFwX2luZGV4Ijo2LCJydWxlX2lkIjoidG91Y2gtdGFyZ2V0LXNpemUiLCJpc3N1ZV9pbmRleCI6IjI3In0=,https://www.browserstack.com/docs/app-accessibility/rule-repository/rules-list/touch-target-size
Mobile App Accessibility Exploration, v,Touch Target Size,"Ensure that each interactive UI element has a focusable area, or touch target size, of at least 44x44 dp, logical pixels or equivalent",WCAG 2.2-2.5.5 AAA,Serious,seat-D2,7,28,No,None,None,FALSE,FALSE,"{""calculatedWidth"":""\""40\"""",""calculatedHeight"":""\""40\""""}",Users with motor limitations will find it difficult to accurately activate elements with the observed touch target size of '40 x 40'. The expected touch target size should be at minimum '44 x 44' to ensure accessibility and ease of use for all users.,"[{""className"":""\""android.widget.Button\""""},{""viewId"":""\""seat-D2\""""},{""frame"":""{\""x\"":156,\""y\"":1068,\""width\"":120,\""height\"":120}""},{""visibleText"":""\""\""""},{""accessible"":true},{""isVisibleToUser"":true},{""isClickable"":true},{""isLongClickable"":false},{""screenWidth"":""\""\""""},{""screenHeight"":""\""\""""},{""screenDotsPerInch"":""\""\""""},{""calculatedWidth"":""\""40\""""},{""calculatedHeight"":""\""40\""""}]",https://app-accessibility.browserstack.com/automated-tests/projects/4149340/builds/ANDROID+Session/1?thBuildId=wrz9clzrcfubqmwsuh92jwvjweufztcted7tynwr&activeTab=all_issues&locator=eyJzbmFwX2luZGV4Ijo2LCJydWxlX2lkIjoidG91Y2gtdGFyZ2V0LXNpemUiLCJpc3N1ZV9pbmRleCI6IjI4In0=,https://www.browserstack.com/docs/app-accessibility/rule-repository/rules-list/touch-target-size
Mobile App Accessibility Exploration, v,Touch Target Size,"Ensure that each interactive UI element has a focusable area, or touch target size, of at least 44x44 dp, logical pixels or equivalent",WCAG 2.2-2.5.5 AAA,Serious,seat-E7,7,29,No,None,None,FALSE,FALSE,"{""calculatedWidth"":""\""40\"""",""calculatedHeight"":""\""40\""""}",Users with motor limitations will find it difficult to accurately activate elements with the observed touch target size of '40 x 40'. The expected touch target size should be at minimum '44 x 44' to ensure accessibility and ease of use for all users.,"[{""className"":""\""android.widget.Button\""""},{""viewId"":""\""seat-E7\""""},{""frame"":""{\""x\"":876,\""y\"":1212,\""width\"":120,\""height\"":120}""},{""visibleText"":""\""\""""},{""accessible"":true},{""isVisibleToUser"":true},{""isClickable"":true},{""isLongClickable"":false},{""screenWidth"":""\""\""""},{""screenHeight"":""\""\""""},{""screenDotsPerInch"":""\""\""""},{""calculatedWidth"":""\""40\""""},{""calculatedHeight"":""\""40\""""}]",https://app-accessibility.browserstack.com/automated-tests/projects/4149340/builds/ANDROID+Session/1?thBuildId=wrz9clzrcfubqmwsuh92jwvjweufztcted7tynwr&activeTab=all_issues&locator=eyJzbmFwX2luZGV4Ijo2LCJydWxlX2lkIjoidG91Y2gtdGFyZ2V0LXNpemUiLCJpc3N1ZV9pbmRleCI6IjI5In0=,https://www.browserstack.com/docs/app-accessibility/rule-repository/rules-list/touch-target-size
Mobile App Accessibility Exploration, v,Touch Target Size,"Ensure that each interactive UI element has a focusable area, or touch target size, of at least 44x44 dp, logical pixels or equivalent",WCAG 2.2-2.5.5 AAA,Serious,seat-B2,7,30,No,None,None,FALSE,FALSE,"{""calculatedWidth"":""\""40\"""",""calculatedHeight"":""\""40\""""}",Users with motor limitations will find it difficult to accurately activate elements with the observed touch target size of '40 x 40'. The expected touch target size should be at minimum '44 x 44' to ensure accessibility and ease of use for all users.,"[{""className"":""\""android.widget.Button\""""},{""viewId"":""\""seat-B2\""""},{""frame"":""{\""x\"":156,\""y\"":780,\""width\"":120,\""height\"":120}""},{""visibleText"":""\""\""""},{""accessible"":true},{""isVisibleToUser"":true},{""isClickable"":true},{""isLongClickable"":false},{""screenWidth"":""\""\""""},{""screenHeight"":""\""\""""},{""screenDotsPerInch"":""\""\""""},{""calculatedWidth"":""\""40\""""},{""calculatedHeight"":""\""40\""""}]",https://app-accessibility.browserstack.com/automated-tests/projects/4149340/builds/ANDROID+Session/1?thBuildId=wrz9clzrcfubqmwsuh92jwvjweufztcted7tynwr&activeTab=all_issues&locator=eyJzbmFwX2luZGV4Ijo2LCJydWxlX2lkIjoidG91Y2gtdGFyZ2V0LXNpemUiLCJpc3N1ZV9pbmRleCI6IjMwIn0=,https://www.browserstack.com/docs/app-accessibility/rule-repository/rules-list/touch-target-size
Mobile App Accessibility Exploration, v,Touch Target Size,"Ensure that each interactive UI element has a focusable area, or touch target size, of at least 44x44 dp, logical pixels or equivalent",WCAG 2.2-2.5.5 AAA,Serious,seat-B6,7,31,No,None,None,FALSE,FALSE,"{""calculatedWidth"":""\""40\"""",""calculatedHeight"":""\""40\""""}",Users with motor limitations will find it difficult to accurately activate elements with the observed touch target size of '40 x 40'. The expected touch target size should be at minimum '44 x 44' to ensure accessibility and ease of use for all users.,"[{""className"":""\""android.widget.Button\""""},{""viewId"":""\""seat-B6\""""},{""frame"":""{\""x\"":732,\""y\"":780,\""width\"":120,\""height\"":120}""},{""visibleText"":""\""\""""},{""accessible"":true},{""isVisibleToUser"":true},{""isClickable"":true},{""isLongClickable"":false},{""screenWidth"":""\""\""""},{""screenHeight"":""\""\""""},{""screenDotsPerInch"":""\""\""""},{""calculatedWidth"":""\""40\""""},{""calculatedHeight"":""\""40\""""}]",https://app-accessibility.browserstack.com/automated-tests/projects/4149340/builds/ANDROID+Session/1?thBuildId=wrz9clzrcfubqmwsuh92jwvjweufztcted7tynwr&activeTab=all_issues&locator=eyJzbmFwX2luZGV4Ijo2LCJydWxlX2lkIjoidG91Y2gtdGFyZ2V0LXNpemUiLCJpc3N1ZV9pbmRleCI6IjMxIn0=,https://www.browserstack.com/docs/app-accessibility/rule-repository/rules-list/touch-target-size
Mobile App Accessibility Exploration, v,Touch Target Size,"Ensure that each interactive UI element has a focusable area, or touch target size, of at least 44x44 dp, logical pixels or equivalent",WCAG 2.2-2.5.5 AAA,Serious,seat-A7,7,32,No,None,None,FALSE,FALSE,"{""calculatedWidth"":""\""40\"""",""calculatedHeight"":""\""40\""""}",Users with motor limitations will find it difficult to accurately activate elements with the observed touch target size of '40 x 40'. The expected touch target size should be at minimum '44 x 44' to ensure accessibility and ease of use for all users.,"[{""className"":""\""android.widget.Button\""""},{""viewId"":""\""seat-A7\""""},{""frame"":""{\""x\"":876,\""y\"":636,\""width\"":120,\""height\"":120}""},{""visibleText"":""\""\""""},{""accessible"":true},{""isVisibleToUser"":true},{""isClickable"":true},{""isLongClickable"":false},{""screenWidth"":""\""\""""},{""screenHeight"":""\""\""""},{""screenDotsPerInch"":""\""\""""},{""calculatedWidth"":""\""40\""""},{""calculatedHeight"":""\""40\""""}]",https://app-accessibility.browserstack.com/automated-tests/projects/4149340/builds/ANDROID+Session/1?thBuildId=wrz9clzrcfubqmwsuh92jwvjweufztcted7tynwr&activeTab=all_issues&locator=eyJzbmFwX2luZGV4Ijo2LCJydWxlX2lkIjoidG91Y2gtdGFyZ2V0LXNpemUiLCJpc3N1ZV9pbmRleCI6IjMyIn0=,https://www.browserstack.com/docs/app-accessibility/rule-repository/rules-list/touch-target-size
Mobile App Accessibility Exploration, v,Touch Target Size,"Ensure that each interactive UI element has a focusable area, or touch target size, of at least 44x44 dp, logical pixels or equivalent",WCAG 2.2-2.5.5 AAA,Serious,seat-A3,7,33,No,None,None,FALSE,FALSE,"{""calculatedWidth"":""\""40\"""",""calculatedHeight"":""\""40\""""}",Users with motor limitations will find it difficult to accurately activate elements with the observed touch target size of '40 x 40'. The expected touch target size should be at minimum '44 x 44' to ensure accessibility and ease of use for all users.,"[{""className"":""\""android.widget.Button\""""},{""viewId"":""\""seat-A3\""""},{""frame"":""{\""x\"":300,\""y\"":636,\""width\"":120,\""height\"":120}""},{""visibleText"":""\""\""""},{""accessible"":true},{""isVisibleToUser"":true},{""isClickable"":true},{""isLongClickable"":false},{""screenWidth"":""\""\""""},{""screenHeight"":""\""\""""},{""screenDotsPerInch"":""\""\""""},{""calculatedWidth"":""\""40\""""},{""calculatedHeight"":""\""40\""""}]",https://app-accessibility.browserstack.com/automated-tests/projects/4149340/builds/ANDROID+Session/1?thBuildId=wrz9clzrcfubqmwsuh92jwvjweufztcted7tynwr&activeTab=all_issues&locator=eyJzbmFwX2luZGV4Ijo2LCJydWxlX2lkIjoidG91Y2gtdGFyZ2V0LXNpemUiLCJpc3N1ZV9pbmRleCI6IjMzIn0=,https://www.browserstack.com/docs/app-accessibility/rule-repository/rules-list/touch-target-size
Mobile App Accessibility Exploration, v,Touch Target Size,"Ensure that each interactive UI element has a focusable area, or touch target size, of at least 44x44 dp, logical pixels or equivalent",WCAG 2.2-2.5.5 AAA,Serious,seat-D5,7,34,No,None,None,FALSE,FALSE,"{""calculatedWidth"":""\""40\"""",""calculatedHeight"":""\""40\""""}",Users with motor limitations will find it difficult to accurately activate elements with the observed touch target size of '40 x 40'. The expected touch target size should be at minimum '44 x 44' to ensure accessibility and ease of use for all users.,"[{""className"":""\""android.widget.Button\""""},{""viewId"":""\""seat-D5\""""},{""frame"":""{\""x\"":588,\""y\"":1068,\""width\"":120,\""height\"":120}""},{""visibleText"":""\""\""""},{""accessible"":true},{""isVisibleToUser"":true},{""isClickable"":true},{""isLongClickable"":false},{""screenWidth"":""\""\""""},{""screenHeight"":""\""\""""},{""screenDotsPerInch"":""\""\""""},{""calculatedWidth"":""\""40\""""},{""calculatedHeight"":""\""40\""""}]",https://app-accessibility.browserstack.com/automated-tests/projects/4149340/builds/ANDROID+Session/1?thBuildId=wrz9clzrcfubqmwsuh92jwvjweufztcted7tynwr&activeTab=all_issues&locator=eyJzbmFwX2luZGV4Ijo2LCJydWxlX2lkIjoidG91Y2gtdGFyZ2V0LXNpemUiLCJpc3N1ZV9pbmRleCI6IjM0In0=,https://www.browserstack.com/docs/app-accessibility/rule-repository/rules-list/touch-target-size
Mobile App Accessibility Exploration, v,Touch Target Size,"Ensure that each interactive UI element has a focusable area, or touch target size, of at least 44x44 dp, logical pixels or equivalent",WCAG 2.2-2.5.5 AAA,Serious,seat-A6,7,35,No,None,None,FALSE,FALSE,"{""calculatedWidth"":""\""40\"""",""calculatedHeight"":""\""40\""""}",Users with motor limitations will find it difficult to accurately activate elements with the observed touch target size of '40 x 40'. The expected touch target size should be at minimum '44 x 44' to ensure accessibility and ease of use for all users.,"[{""className"":""\""android.widget.Button\""""},{""viewId"":""\""seat-A6\""""},{""frame"":""{\""x\"":732,\""y\"":636,\""width\"":120,\""height\"":120}""},{""visibleText"":""\""\""""},{""accessible"":true},{""isVisibleToUser"":true},{""isClickable"":true},{""isLongClickable"":false},{""screenWidth"":""\""\""""},{""screenHeight"":""\""\""""},{""screenDotsPerInch"":""\""\""""},{""calculatedWidth"":""\""40\""""},{""calculatedHeight"":""\""40\""""}]",https://app-accessibility.browserstack.com/automated-tests/projects/4149340/builds/ANDROID+Session/1?thBuildId=wrz9clzrcfubqmwsuh92jwvjweufztcted7tynwr&activeTab=all_issues&locator=eyJzbmFwX2luZGV4Ijo2LCJydWxlX2lkIjoidG91Y2gtdGFyZ2V0LXNpemUiLCJpc3N1ZV9pbmRleCI6IjM1In0=,https://www.browserstack.com/docs/app-accessibility/rule-repository/rules-list/touch-target-size
Mobile App Accessibility Exploration, v,Touch Target Size,"Ensure that each interactive UI element has a focusable area, or touch target size, of at least 44x44 dp, logical pixels or equivalent",WCAG 2.2-2.5.5 AAA,Serious,seat-E1,7,36,No,None,None,FALSE,FALSE,"{""calculatedWidth"":""\""40\"""",""calculatedHeight"":""\""40\""""}",Users with motor limitations will find it difficult to accurately activate elements with the observed touch target size of '40 x 40'. The expected touch target size should be at minimum '44 x 44' to ensure accessibility and ease of use for all users.,"[{""className"":""\""android.widget.Button\""""},{""viewId"":""\""seat-E1\""""},{""frame"":""{\""x\"":12,\""y\"":1212,\""width\"":120,\""height\"":120}""},{""visibleText"":""\""\""""},{""accessible"":true},{""isVisibleToUser"":true},{""isClickable"":true},{""isLongClickable"":false},{""screenWidth"":""\""\""""},{""screenHeight"":""\""\""""},{""screenDotsPerInch"":""\""\""""},{""calculatedWidth"":""\""40\""""},{""calculatedHeight"":""\""40\""""}]",https://app-accessibility.browserstack.com/automated-tests/projects/4149340/builds/ANDROID+Session/1?thBuildId=wrz9clzrcfubqmwsuh92jwvjweufztcted7tynwr&activeTab=all_issues&locator=eyJzbmFwX2luZGV4Ijo2LCJydWxlX2lkIjoidG91Y2gtdGFyZ2V0LXNpemUiLCJpc3N1ZV9pbmRleCI6IjM2In0=,https://www.browserstack.com/docs/app-accessibility/rule-repository/rules-list/touch-target-size
Mobile App Accessibility Exploration, v,Touch Target Size,"Ensure that each interactive UI element has a focusable area, or touch target size, of at least 44x44 dp, logical pixels or equivalent",WCAG 2.2-2.5.5 AAA,Serious,seat-C3,7,37,No,None,None,FALSE,FALSE,"{""calculatedWidth"":""\""40\"""",""calculatedHeight"":""\""40\""""}",Users with motor limitations will find it difficult to accurately activate elements with the observed touch target size of '40 x 40'. The expected touch target size should be at minimum '44 x 44' to ensure accessibility and ease of use for all users.,"[{""className"":""\""android.widget.Button\""""},{""viewId"":""\""seat-C3\""""},{""frame"":""{\""x\"":300,\""y\"":924,\""width\"":120,\""height\"":120}""},{""visibleText"":""\""\""""},{""accessible"":true},{""isVisibleToUser"":true},{""isClickable"":true},{""isLongClickable"":false},{""screenWidth"":""\""\""""},{""screenHeight"":""\""\""""},{""screenDotsPerInch"":""\""\""""},{""calculatedWidth"":""\""40\""""},{""calculatedHeight"":""\""40\""""}]",https://app-accessibility.browserstack.com/automated-tests/projects/4149340/builds/ANDROID+Session/1?thBuildId=wrz9clzrcfubqmwsuh92jwvjweufztcted7tynwr&activeTab=all_issues&locator=eyJzbmFwX2luZGV4Ijo2LCJydWxlX2lkIjoidG91Y2gtdGFyZ2V0LXNpemUiLCJpc3N1ZV9pbmRleCI6IjM3In0=,https://www.browserstack.com/docs/app-accessibility/rule-repository/rules-list/touch-target-size
Mobile App Accessibility Exploration, v,Touch Target Size,"Ensure that each interactive UI element has a focusable area, or touch target size, of at least 44x44 dp, logical pixels or equivalent",WCAG 2.2-2.5.5 AAA,Serious,seat-B8,7,38,No,None,None,FALSE,FALSE,"{""calculatedWidth"":""\""20\"""",""calculatedHeight"":""\""40\""""}",Users with motor limitations will find it difficult to accurately activate elements with the observed touch target size of '20 x 40'. The expected touch target size should be at minimum '44 x 44' to ensure accessibility and ease of use for all users.,"[{""className"":""\""android.widget.Button\""""},{""viewId"":""\""seat-B8\""""},{""frame"":""{\""x\"":1020,\""y\"":780,\""width\"":60,\""height\"":120}""},{""visibleText"":""\""\""""},{""accessible"":true},{""isVisibleToUser"":true},{""isClickable"":true},{""isLongClickable"":false},{""screenWidth"":""\""\""""},{""screenHeight"":""\""\""""},{""screenDotsPerInch"":""\""\""""},{""calculatedWidth"":""\""20\""""},{""calculatedHeight"":""\""40\""""}]",https://app-accessibility.browserstack.com/automated-tests/projects/4149340/builds/ANDROID+Session/1?thBuildId=wrz9clzrcfubqmwsuh92jwvjweufztcted7tynwr&activeTab=all_issues&locator=eyJzbmFwX2luZGV4Ijo2LCJydWxlX2lkIjoidG91Y2gtdGFyZ2V0LXNpemUiLCJpc3N1ZV9pbmRleCI6IjM4In0=,https://www.browserstack.com/docs/app-accessibility/rule-repository/rules-list/touch-target-size
Mobile App Accessibility Exploration, v,Touch Target Size,"Ensure that each interactive UI element has a focusable area, or touch target size, of at least 44x44 dp, logical pixels or equivalent",WCAG 2.2-2.5.5 AAA,Serious,seat-C4,7,39,No,None,None,FALSE,FALSE,"{""calculatedWidth"":""\""40\"""",""calculatedHeight"":""\""40\""""}",Users with motor limitations will find it difficult to accurately activate elements with the observed touch target size of '40 x 40'. The expected touch target size should be at minimum '44 x 44' to ensure accessibility and ease of use for all users.,"[{""className"":""\""android.widget.Button\""""},{""viewId"":""\""seat-C4\""""},{""frame"":""{\""x\"":444,\""y\"":924,\""width\"":120,\""height\"":120}""},{""visibleText"":""\""\""""},{""accessible"":true},{""isVisibleToUser"":true},{""isClickable"":true},{""isLongClickable"":false},{""screenWidth"":""\""\""""},{""screenHeight"":""\""\""""},{""screenDotsPerInch"":""\""\""""},{""calculatedWidth"":""\""40\""""},{""calculatedHeight"":""\""40\""""}]",https://app-accessibility.browserstack.com/automated-tests/projects/4149340/builds/ANDROID+Session/1?thBuildId=wrz9clzrcfubqmwsuh92jwvjweufztcted7tynwr&activeTab=all_issues&locator=eyJzbmFwX2luZGV4Ijo2LCJydWxlX2lkIjoidG91Y2gtdGFyZ2V0LXNpemUiLCJpc3N1ZV9pbmRleCI6IjM5In0=,https://www.browserstack.com/docs/app-accessibility/rule-repository/rules-list/touch-target-size
Mobile App Accessibility Exploration, v,Touch Target Size,"Ensure that each interactive UI element has a focusable area, or touch target size, of at least 44x44 dp, logical pixels or equivalent",WCAG 2.2-2.5.5 AAA,Serious,seat-C8,7,40,No,None,None,FALSE,FALSE,"{""calculatedWidth"":""\""20\"""",""calculatedHeight"":""\""40\""""}",Users with motor limitations will find it difficult to accurately activate elements with the observed touch target size of '20 x 40'. The expected touch target size should be at minimum '44 x 44' to ensure accessibility and ease of use for all users.,"[{""className"":""\""android.widget.Button\""""},{""viewId"":""\""seat-C8\""""},{""frame"":""{\""x\"":1020,\""y\"":924,\""width\"":60,\""height\"":120}""},{""visibleText"":""\""\""""},{""accessible"":true},{""isVisibleToUser"":true},{""isClickable"":true},{""isLongClickable"":false},{""screenWidth"":""\""\""""},{""screenHeight"":""\""\""""},{""screenDotsPerInch"":""\""\""""},{""calculatedWidth"":""\""20\""""},{""calculatedHeight"":""\""40\""""}]",https://app-accessibility.browserstack.com/automated-tests/projects/4149340/builds/ANDROID+Session/1?thBuildId=wrz9clzrcfubqmwsuh92jwvjweufztcted7tynwr&activeTab=all_issues&locator=eyJzbmFwX2luZGV4Ijo2LCJydWxlX2lkIjoidG91Y2gtdGFyZ2V0LXNpemUiLCJpc3N1ZV9pbmRleCI6IjQwIn0=,https://www.browserstack.com/docs/app-accessibility/rule-repository/rules-list/touch-target-size
Mobile App Accessibility Exploration, v,Touch Target Size,"Ensure that each interactive UI element has a focusable area, or touch target size, of at least 44x44 dp, logical pixels or equivalent",WCAG 2.2-2.5.5 AAA,Serious,seat-B5,7,41,No,None,None,FALSE,FALSE,"{""calculatedWidth"":""\""40\"""",""calculatedHeight"":""\""40\""""}",Users with motor limitations will find it difficult to accurately activate elements with the observed touch target size of '40 x 40'. The expected touch target size should be at minimum '44 x 44' to ensure accessibility and ease of use for all users.,"[{""className"":""\""android.widget.Button\""""},{""viewId"":""\""seat-B5\""""},{""frame"":""{\""x\"":588,\""y\"":780,\""width\"":120,\""height\"":120}""},{""visibleText"":""\""\""""},{""accessible"":true},{""isVisibleToUser"":true},{""isClickable"":true},{""isLongClickable"":false},{""screenWidth"":""\""\""""},{""screenHeight"":""\""\""""},{""screenDotsPerInch"":""\""\""""},{""calculatedWidth"":""\""40\""""},{""calculatedHeight"":""\""40\""""}]",https://app-accessibility.browserstack.com/automated-tests/projects/4149340/builds/ANDROID+Session/1?thBuildId=wrz9clzrcfubqmwsuh92jwvjweufztcted7tynwr&activeTab=all_issues&locator=eyJzbmFwX2luZGV4Ijo2LCJydWxlX2lkIjoidG91Y2gtdGFyZ2V0LXNpemUiLCJpc3N1ZV9pbmRleCI6IjQxIn0=,https://www.browserstack.com/docs/app-accessibility/rule-repository/rules-list/touch-target-size
Mobile App Accessibility Exploration, v,Touch Target Size,"Ensure that each interactive UI element has a focusable area, or touch target size, of at least 44x44 dp, logical pixels or equivalent",WCAG 2.2-2.5.5 AAA,Serious,seat-B3,7,42,No,None,None,FALSE,FALSE,"{""calculatedWidth"":""\""40\"""",""calculatedHeight"":""\""40\""""}",Users with motor limitations will find it difficult to accurately activate elements with the observed touch target size of '40 x 40'. The expected touch target size should be at minimum '44 x 44' to ensure accessibility and ease of use for all users.,"[{""className"":""\""android.widget.Button\""""},{""viewId"":""\""seat-B3\""""},{""frame"":""{\""x\"":300,\""y\"":780,\""width\"":120,\""height\"":120}""},{""visibleText"":""\""\""""},{""accessible"":true},{""isVisibleToUser"":true},{""isClickable"":true},{""isLongClickable"":false},{""screenWidth"":""\""\""""},{""screenHeight"":""\""\""""},{""screenDotsPerInch"":""\""\""""},{""calculatedWidth"":""\""40\""""},{""calculatedHeight"":""\""40\""""}]",https://app-accessibility.browserstack.com/automated-tests/projects/4149340/builds/ANDROID+Session/1?thBuildId=wrz9clzrcfubqmwsuh92jwvjweufztcted7tynwr&activeTab=all_issues&locator=eyJzbmFwX2luZGV4Ijo2LCJydWxlX2lkIjoidG91Y2gtdGFyZ2V0LXNpemUiLCJpc3N1ZV9pbmRleCI6IjQyIn0=,https://www.browserstack.com/docs/app-accessibility/rule-repository/rules-list/touch-target-size
Mobile App Accessibility Exploration, v,Touch Target Size,"Ensure that each interactive UI element has a focusable area, or touch target size, of at least 44x44 dp, logical pixels or equivalent",WCAG 2.2-2.5.5 AAA,Serious,seat-B1,7,43,No,None,None,FALSE,FALSE,"{""calculatedWidth"":""\""40\"""",""calculatedHeight"":""\""40\""""}",Users with motor limitations will find it difficult to accurately activate elements with the observed touch target size of '40 x 40'. The expected touch target size should be at minimum '44 x 44' to ensure accessibility and ease of use for all users.,"[{""className"":""\""android.widget.Button\""""},{""viewId"":""\""seat-B1\""""},{""frame"":""{\""x\"":12,\""y\"":780,\""width\"":120,\""height\"":120}""},{""visibleText"":""\""\""""},{""accessible"":true},{""isVisibleToUser"":true},{""isClickable"":true},{""isLongClickable"":false},{""screenWidth"":""\""\""""},{""screenHeight"":""\""\""""},{""screenDotsPerInch"":""\""\""""},{""calculatedWidth"":""\""40\""""},{""calculatedHeight"":""\""40\""""}]",https://app-accessibility.browserstack.com/automated-tests/projects/4149340/builds/ANDROID+Session/1?thBuildId=wrz9clzrcfubqmwsuh92jwvjweufztcted7tynwr&activeTab=all_issues&locator=eyJzbmFwX2luZGV4Ijo2LCJydWxlX2lkIjoidG91Y2gtdGFyZ2V0LXNpemUiLCJpc3N1ZV9pbmRleCI6IjQzIn0=,https://www.browserstack.com/docs/app-accessibility/rule-repository/rules-list/touch-target-size
Mobile App Accessibility Exploration, v,Touch Target Size,"Ensure that each interactive UI element has a focusable area, or touch target size, of at least 44x44 dp, logical pixels or equivalent",WCAG 2.2-2.5.5 AAA,Serious,seat-E8,7,44,No,None,None,FALSE,FALSE,"{""calculatedWidth"":""\""20\"""",""calculatedHeight"":""\""40\""""}",Users with motor limitations will find it difficult to accurately activate elements with the observed touch target size of '20 x 40'. The expected touch target size should be at minimum '44 x 44' to ensure accessibility and ease of use for all users.,"[{""className"":""\""android.widget.Button\""""},{""viewId"":""\""seat-E8\""""},{""frame"":""{\""x\"":1020,\""y\"":1212,\""width\"":60,\""height\"":120}""},{""visibleText"":""\""\""""},{""accessible"":true},{""isVisibleToUser"":true},{""isClickable"":true},{""isLongClickable"":false},{""screenWidth"":""\""\""""},{""screenHeight"":""\""\""""},{""screenDotsPerInch"":""\""\""""},{""calculatedWidth"":""\""20\""""},{""calculatedHeight"":""\""40\""""}]",https://app-accessibility.browserstack.com/automated-tests/projects/4149340/builds/ANDROID+Session/1?thBuildId=wrz9clzrcfubqmwsuh92jwvjweufztcted7tynwr&activeTab=all_issues&locator=eyJzbmFwX2luZGV4Ijo2LCJydWxlX2lkIjoidG91Y2gtdGFyZ2V0LXNpemUiLCJpc3N1ZV9pbmRleCI6IjQ0In0=,https://www.browserstack.com/docs/app-accessibility/rule-repository/rules-list/touch-target-size
Mobile App Accessibility Exploration, v,Touch Target Size,"Ensure that each interactive UI element has a focusable area, or touch target size, of at least 44x44 dp, logical pixels or equivalent",WCAG 2.2-2.5.5 AAA,Serious,seat-B7,7,45,No,None,None,FALSE,FALSE,"{""calculatedWidth"":""\""40\"""",""calculatedHeight"":""\""40\""""}",Users with motor limitations will find it difficult to accurately activate elements with the observed touch target size of '40 x 40'. The expected touch target size should be at minimum '44 x 44' to ensure accessibility and ease of use for all users.,"[{""className"":""\""android.widget.Button\""""},{""viewId"":""\""seat-B7\""""},{""frame"":""{\""x\"":876,\""y\"":780,\""width\"":120,\""height\"":120}""},{""visibleText"":""\""\""""},{""accessible"":true},{""isVisibleToUser"":true},{""isClickable"":true},{""isLongClickable"":false},{""screenWidth"":""\""\""""},{""screenHeight"":""\""\""""},{""screenDotsPerInch"":""\""\""""},{""calculatedWidth"":""\""40\""""},{""calculatedHeight"":""\""40\""""}]",https://app-accessibility.browserstack.com/automated-tests/projects/4149340/builds/ANDROID+Session/1?thBuildId=wrz9clzrcfubqmwsuh92jwvjweufztcted7tynwr&activeTab=all_issues&locator=eyJzbmFwX2luZGV4Ijo2LCJydWxlX2lkIjoidG91Y2gtdGFyZ2V0LXNpemUiLCJpc3N1ZV9pbmRleCI6IjQ1In0=,https://www.browserstack.com/docs/app-accessibility/rule-repository/rules-list/touch-target-size
Mobile App Accessibility Exploration, v,Touch Target Size,"Ensure that each interactive UI element has a focusable area, or touch target size, of at least 44x44 dp, logical pixels or equivalent",WCAG 2.2-2.5.5 AAA,Serious,seat-E4,7,46,No,None,None,FALSE,FALSE,"{""calculatedWidth"":""\""40\"""",""calculatedHeight"":""\""40\""""}",Users with motor limitations will find it difficult to accurately activate elements with the observed touch target size of '40 x 40'. The expected touch target size should be at minimum '44 x 44' to ensure accessibility and ease of use for all users.,"[{""className"":""\""android.widget.Button\""""},{""viewId"":""\""seat-E4\""""},{""frame"":""{\""x\"":444,\""y\"":1212,\""width\"":120,\""height\"":120}""},{""visibleText"":""\""\""""},{""accessible"":true},{""isVisibleToUser"":true},{""isClickable"":true},{""isLongClickable"":false},{""screenWidth"":""\""\""""},{""screenHeight"":""\""\""""},{""screenDotsPerInch"":""\""\""""},{""calculatedWidth"":""\""40\""""},{""calculatedHeight"":""\""40\""""}]",https://app-accessibility.browserstack.com/automated-tests/projects/4149340/builds/ANDROID+Session/1?thBuildId=wrz9clzrcfubqmwsuh92jwvjweufztcted7tynwr&activeTab=all_issues&locator=eyJzbmFwX2luZGV4Ijo2LCJydWxlX2lkIjoidG91Y2gtdGFyZ2V0LXNpemUiLCJpc3N1ZV9pbmRleCI6IjQ2In0=,https://www.browserstack.com/docs/app-accessibility/rule-repository/rules-list/touch-target-size
Mobile App Accessibility Exploration, v,Touch Target Size,"Ensure that each interactive UI element has a focusable area, or touch target size, of at least 44x44 dp, logical pixels or equivalent",WCAG 2.2-2.5.5 AAA,Serious,seat-C2,7,47,No,None,None,FALSE,FALSE,"{""calculatedWidth"":""\""40\"""",""calculatedHeight"":""\""40\""""}",Users with motor limitations will find it difficult to accurately activate elements with the observed touch target size of '40 x 40'. The expected touch target size should be at minimum '44 x 44' to ensure accessibility and ease of use for all users.,"[{""className"":""\""android.widget.Button\""""},{""viewId"":""\""seat-C2\""""},{""frame"":""{\""x\"":156,\""y\"":924,\""width\"":120,\""height\"":120}""},{""visibleText"":""\""\""""},{""accessible"":true},{""isVisibleToUser"":true},{""isClickable"":true},{""isLongClickable"":false},{""screenWidth"":""\""\""""},{""screenHeight"":""\""\""""},{""screenDotsPerInch"":""\""\""""},{""calculatedWidth"":""\""40\""""},{""calculatedHeight"":""\""40\""""}]",https://app-accessibility.browserstack.com/automated-tests/projects/4149340/builds/ANDROID+Session/1?thBuildId=wrz9clzrcfubqmwsuh92jwvjweufztcted7tynwr&activeTab=all_issues&locator=eyJzbmFwX2luZGV4Ijo2LCJydWxlX2lkIjoidG91Y2gtdGFyZ2V0LXNpemUiLCJpc3N1ZV9pbmRleCI6IjQ3In0=,https://www.browserstack.com/docs/app-accessibility/rule-repository/rules-list/touch-target-size
Mobile App Accessibility Exploration, v,Touch Target Size,"Ensure that each interactive UI element has a focusable area, or touch target size, of at least 44x44 dp, logical pixels or equivalent",WCAG 2.2-2.5.5 AAA,Serious,seat-D1,7,48,No,None,None,FALSE,FALSE,"{""calculatedWidth"":""\""40\"""",""calculatedHeight"":""\""40\""""}",Users with motor limitations will find it difficult to accurately activate elements with the observed touch target size of '40 x 40'. The expected touch target size should be at minimum '44 x 44' to ensure accessibility and ease of use for all users.,"[{""className"":""\""android.widget.Button\""""},{""viewId"":""\""seat-D1\""""},{""frame"":""{\""x\"":12,\""y\"":1068,\""width\"":120,\""height\"":120}""},{""visibleText"":""\""\""""},{""accessible"":true},{""isVisibleToUser"":true},{""isClickable"":true},{""isLongClickable"":false},{""screenWidth"":""\""\""""},{""screenHeight"":""\""\""""},{""screenDotsPerInch"":""\""\""""},{""calculatedWidth"":""\""40\""""},{""calculatedHeight"":""\""40\""""}]",https://app-accessibility.browserstack.com/automated-tests/projects/4149340/builds/ANDROID+Session/1?thBuildId=wrz9clzrcfubqmwsuh92jwvjweufztcted7tynwr&activeTab=all_issues&locator=eyJzbmFwX2luZGV4Ijo2LCJydWxlX2lkIjoidG91Y2gtdGFyZ2V0LXNpemUiLCJpc3N1ZV9pbmRleCI6IjQ4In0=,https://www.browserstack.com/docs/app-accessibility/rule-repository/rules-list/touch-target-size
Mobile App Accessibility Exploration, v,Touch Target Size,"Ensure that each interactive UI element has a focusable area, or touch target size, of at least 44x44 dp, logical pixels or equivalent",WCAG 2.2-2.5.5 AAA,Serious,seat-C6,7,49,No,None,None,FALSE,FALSE,"{""calculatedWidth"":""\""40\"""",""calculatedHeight"":""\""40\""""}",Users with motor limitations will find it difficult to accurately activate elements with the observed touch target size of '40 x 40'. The expected touch target size should be at minimum '44 x 44' to ensure accessibility and ease of use for all users.,"[{""className"":""\""android.widget.Button\""""},{""viewId"":""\""seat-C6\""""},{""frame"":""{\""x\"":732,\""y\"":924,\""width\"":120,\""height\"":120}""},{""visibleText"":""\""\""""},{""accessible"":true},{""isVisibleToUser"":true},{""isClickable"":true},{""isLongClickable"":false},{""screenWidth"":""\""\""""},{""screenHeight"":""\""\""""},{""screenDotsPerInch"":""\""\""""},{""calculatedWidth"":""\""40\""""},{""calculatedHeight"":""\""40\""""}]",https://app-accessibility.browserstack.com/automated-tests/projects/4149340/builds/ANDROID+Session/1?thBuildId=wrz9clzrcfubqmwsuh92jwvjweufztcted7tynwr&activeTab=all_issues&locator=eyJzbmFwX2luZGV4Ijo2LCJydWxlX2lkIjoidG91Y2gtdGFyZ2V0LXNpemUiLCJpc3N1ZV9pbmRleCI6IjQ5In0=,https://www.browserstack.com/docs/app-accessibility/rule-repository/rules-list/touch-target-size
Mobile App Accessibility Exploration, v,Touch Target Size,"Ensure that each interactive UI element has a focusable area, or touch target size, of at least 44x44 dp, logical pixels or equivalent",WCAG 2.2-2.5.5 AAA,Serious,seat-D3,7,50,No,None,None,FALSE,FALSE,"{""calculatedWidth"":""\""40\"""",""calculatedHeight"":""\""40\""""}",Users with motor limitations will find it difficult to accurately activate elements with the observed touch target size of '40 x 40'. The expected touch target size should be at minimum '44 x 44' to ensure accessibility and ease of use for all users.,"[{""className"":""\""android.widget.Button\""""},{""viewId"":""\""seat-D3\""""},{""frame"":""{\""x\"":300,\""y\"":1068,\""width\"":120,\""height\"":120}""},{""visibleText"":""\""\""""},{""accessible"":true},{""isVisibleToUser"":true},{""isClickable"":true},{""isLongClickable"":false},{""screenWidth"":""\""\""""},{""screenHeight"":""\""\""""},{""screenDotsPerInch"":""\""\""""},{""calculatedWidth"":""\""40\""""},{""calculatedHeight"":""\""40\""""}]",https://app-accessibility.browserstack.com/automated-tests/projects/4149340/builds/ANDROID+Session/1?thBuildId=wrz9clzrcfubqmwsuh92jwvjweufztcted7tynwr&activeTab=all_issues&locator=eyJzbmFwX2luZGV4Ijo2LCJydWxlX2lkIjoidG91Y2gtdGFyZ2V0LXNpemUiLCJpc3N1ZV9pbmRleCI6IjUwIn0=,https://www.browserstack.com/docs/app-accessibility/rule-repository/rules-list/touch-target-size
Mobile App Accessibility Exploration, v,Touch Target Size,"Ensure that each interactive UI element has a focusable area, or touch target size, of at least 44x44 dp, logical pixels or equivalent",WCAG 2.2-2.5.5 AAA,Serious,seat-A8,7,51,No,None,None,FALSE,FALSE,"{""calculatedWidth"":""\""20\"""",""calculatedHeight"":""\""40\""""}",Users with motor limitations will find it difficult to accurately activate elements with the observed touch target size of '20 x 40'. The expected touch target size should be at minimum '44 x 44' to ensure accessibility and ease of use for all users.,"[{""className"":""\""android.widget.Button\""""},{""viewId"":""\""seat-A8\""""},{""frame"":""{\""x\"":1020,\""y\"":636,\""width\"":60,\""height\"":120}""},{""visibleText"":""\""\""""},{""accessible"":true},{""isVisibleToUser"":true},{""isClickable"":true},{""isLongClickable"":false},{""screenWidth"":""\""\""""},{""screenHeight"":""\""\""""},{""screenDotsPerInch"":""\""\""""},{""calculatedWidth"":""\""20\""""},{""calculatedHeight"":""\""40\""""}]",https://app-accessibility.browserstack.com/automated-tests/projects/4149340/builds/ANDROID+Session/1?thBuildId=wrz9clzrcfubqmwsuh92jwvjweufztcted7tynwr&activeTab=all_issues&locator=eyJzbmFwX2luZGV4Ijo2LCJydWxlX2lkIjoidG91Y2gtdGFyZ2V0LXNpemUiLCJpc3N1ZV9pbmRleCI6IjUxIn0=,https://www.browserstack.com/docs/app-accessibility/rule-repository/rules-list/touch-target-size
Mobile App Accessibility Exploration, v,Touch Target Size,"Ensure that each interactive UI element has a focusable area, or touch target size, of at least 44x44 dp, logical pixels or equivalent",WCAG 2.2-2.5.5 AAA,Serious,seat-A2,7,52,No,None,None,FALSE,FALSE,"{""calculatedWidth"":""\""40\"""",""calculatedHeight"":""\""40\""""}",Users with motor limitations will find it difficult to accurately activate elements with the observed touch target size of '40 x 40'. The expected touch target size should be at minimum '44 x 44' to ensure accessibility and ease of use for all users.,"[{""className"":""\""android.widget.Button\""""},{""viewId"":""\""seat-A2\""""},{""frame"":""{\""x\"":156,\""y\"":636,\""width\"":120,\""height\"":120}""},{""visibleText"":""\""\""""},{""accessible"":true},{""isVisibleToUser"":true},{""isClickable"":true},{""isLongClickable"":false},{""screenWidth"":""\""\""""},{""screenHeight"":""\""\""""},{""screenDotsPerInch"":""\""\""""},{""calculatedWidth"":""\""40\""""},{""calculatedHeight"":""\""40\""""}]",https://app-accessibility.browserstack.com/automated-tests/projects/4149340/builds/ANDROID+Session/1?thBuildId=wrz9clzrcfubqmwsuh92jwvjweufztcted7tynwr&activeTab=all_issues&locator=eyJzbmFwX2luZGV4Ijo2LCJydWxlX2lkIjoidG91Y2gtdGFyZ2V0LXNpemUiLCJpc3N1ZV9pbmRleCI6IjUyIn0=,https://www.browserstack.com/docs/app-accessibility/rule-repository/rules-list/touch-target-size
Mobile App Accessibility Exploration, v,Touch Target Size,"Ensure that each interactive UI element has a focusable area, or touch target size, of at least 44x44 dp, logical pixels or equivalent",WCAG 2.2-2.5.5 AAA,Serious,seat-D7,7,53,No,None,None,FALSE,FALSE,"{""calculatedWidth"":""\""40\"""",""calculatedHeight"":""\""40\""""}",Users with motor limitations will find it difficult to accurately activate elements with the observed touch target size of '40 x 40'. The expected touch target size should be at minimum '44 x 44' to ensure accessibility and ease of use for all users.,"[{""className"":""\""android.widget.Button\""""},{""viewId"":""\""seat-D7\""""},{""frame"":""{\""x\"":876,\""y\"":1068,\""width\"":120,\""height\"":120}""},{""visibleText"":""\""\""""},{""accessible"":true},{""isVisibleToUser"":true},{""isClickable"":true},{""isLongClickable"":false},{""screenWidth"":""\""\""""},{""screenHeight"":""\""\""""},{""screenDotsPerInch"":""\""\""""},{""calculatedWidth"":""\""40\""""},{""calculatedHeight"":""\""40\""""}]",https://app-accessibility.browserstack.com/automated-tests/projects/4149340/builds/ANDROID+Session/1?thBuildId=wrz9clzrcfubqmwsuh92jwvjweufztcted7tynwr&activeTab=all_issues&locator=eyJzbmFwX2luZGV4Ijo2LCJydWxlX2lkIjoidG91Y2gtdGFyZ2V0LXNpemUiLCJpc3N1ZV9pbmRleCI6IjUzIn0=,https://www.browserstack.com/docs/app-accessibility/rule-repository/rules-list/touch-target-size
Mobile App Accessibility Exploration, v,Touch Target Size,"Ensure that each interactive UI element has a focusable area, or touch target size, of at least 44x44 dp, logical pixels or equivalent",WCAG 2.2-2.5.5 AAA,Serious,seat-A4,7,54,No,None,None,FALSE,FALSE,"{""calculatedWidth"":""\""40\"""",""calculatedHeight"":""\""40\""""}",Users with motor limitations will find it difficult to accurately activate elements with the observed touch target size of '40 x 40'. The expected touch target size should be at minimum '44 x 44' to ensure accessibility and ease of use for all users.,"[{""className"":""\""android.widget.Button\""""},{""viewId"":""\""seat-A4\""""},{""frame"":""{\""x\"":444,\""y\"":636,\""width\"":120,\""height\"":120}""},{""visibleText"":""\""\""""},{""accessible"":true},{""isVisibleToUser"":true},{""isClickable"":true},{""isLongClickable"":false},{""screenWidth"":""\""\""""},{""screenHeight"":""\""\""""},{""screenDotsPerInch"":""\""\""""},{""calculatedWidth"":""\""40\""""},{""calculatedHeight"":""\""40\""""}]",https://app-accessibility.browserstack.com/automated-tests/projects/4149340/builds/ANDROID+Session/1?thBuildId=wrz9clzrcfubqmwsuh92jwvjweufztcted7tynwr&activeTab=all_issues&locator=eyJzbmFwX2luZGV4Ijo2LCJydWxlX2lkIjoidG91Y2gtdGFyZ2V0LXNpemUiLCJpc3N1ZV9pbmRleCI6IjU0In0=,https://www.browserstack.com/docs/app-accessibility/rule-repository/rules-list/touch-target-size
Mobile App Accessibility Exploration, v,Touch Target Size,"Ensure that each interactive UI element has a focusable area, or touch target size, of at least 44x44 dp, logical pixels or equivalent",WCAG 2.2-2.5.5 AAA,Serious,seat-E2,7,55,No,None,None,FALSE,FALSE,"{""calculatedWidth"":""\""40\"""",""calculatedHeight"":""\""40\""""}",Users with motor limitations will find it difficult to accurately activate elements with the observed touch target size of '40 x 40'. The expected touch target size should be at minimum '44 x 44' to ensure accessibility and ease of use for all users.,"[{""className"":""\""android.widget.Button\""""},{""viewId"":""\""seat-E2\""""},{""frame"":""{\""x\"":156,\""y\"":1212,\""width\"":120,\""height\"":120}""},{""visibleText"":""\""\""""},{""accessible"":true},{""isVisibleToUser"":true},{""isClickable"":true},{""isLongClickable"":false},{""screenWidth"":""\""\""""},{""screenHeight"":""\""\""""},{""screenDotsPerInch"":""\""\""""},{""calculatedWidth"":""\""40\""""},{""calculatedHeight"":""\""40\""""}]",https://app-accessibility.browserstack.com/automated-tests/projects/4149340/builds/ANDROID+Session/1?thBuildId=wrz9clzrcfubqmwsuh92jwvjweufztcted7tynwr&activeTab=all_issues&locator=eyJzbmFwX2luZGV4Ijo2LCJydWxlX2lkIjoidG91Y2gtdGFyZ2V0LXNpemUiLCJpc3N1ZV9pbmRleCI6IjU1In0=,https://www.browserstack.com/docs/app-accessibility/rule-repository/rules-list/touch-target-size
Mobile App Accessibility Exploration, v,Readable Text Spacing,"This rule ensures text readability by verifying minimum spacing: 1.5x line height, and 0.16x word spacing relative to the font size.",Best Practice,Minor,seat-selection-summary,7,56,No,None,None,FALSE,FALSE,"{""text"":""\""1 seat selected\"""",""minimumLineSpacing"":true,""minimumWordSpacing"":false}",Ensure that text spacing conforms to the minimum acceptable values.,"[{""className"":""\""android.widget.TextView\""""},{""viewId"":""\""seat-selection-summary\""""},{""frame"":""{\""x\"":96,\""y\"":1850,\""width\"":307,\""height\"":61}""},{""text"":""\""1 seat selected\""""},{""fontSize"":""\""45.0 px\""""},{""minimumLineSpacing"":true},{""minimumWordSpacing"":false},{""validationResults"":""{\""line_spacing\"":[],\""word_spacing\"":[{\""valid\"":false,\""details\"":[{\""valid\"":false,\""actual\"":3,\""required\"":7.2,\""between_words\"":[\""1\"",\""seat\""]},{\""valid\"":true,\""actual\"":15,\""required\"":7.2,\""between_words\"":[\""seat\"",\""selected\""]}]}]}""},{""accessible"":true},{""accessibilityLabel"":""\""\""""},{""accessibilityHint"":""\""\""""},{""detectedLabel"":""\""\""""}]",https://app-accessibility.browserstack.com/automated-tests/projects/4149340/builds/ANDROID+Session/1?thBuildId=wrz9clzrcfubqmwsuh92jwvjweufztcted7tynwr&activeTab=all_issues&locator=eyJzbmFwX2luZGV4Ijo2LCJydWxlX2lkIjoicmVhZGFibGUtdGV4dC1zcGFjaW5nIiwiaXNzdWVfaW5kZXgiOiI1NiJ9,https://www.browserstack.com/docs/app-accessibility/rule-repository/rules-list/readable-text-and-layout/text-spacing
Mobile App Accessibility Exploration, v,Link Text Purpose,The purpose of each link should be clear from its text or from its text combined with its programmatically determined context.,WCAG 2.2-2.4.4 A,Moderate,seat-selection-continue-button,7,58,No,None,None,FALSE,FALSE,"{""detectedStopWords"":""[\""Continue\""]""}","Links must have clear text to provide sufficient context. Avoid link text with only generic stop words such as click, tap, go, here, learn, more, this, page, link, about etc.","[{""className"":""\""android.widget.Button\""""},{""viewId"":""\""seat-selection-continue-button\""""},{""frame"":""{\""x\"":48,\""y\"":1987,\""width\"":984,\""height\"":161}""},{""accessible"":true},{""detectedStopWords"":""[\""Continue\""]""}]",https://app-accessibility.browserstack.com/automated-tests/projects/4149340/builds/ANDROID+Session/1?thBuildId=wrz9clzrcfubqmwsuh92jwvjweufztcted7tynwr&activeTab=all_issues&locator=eyJzbmFwX2luZGV4Ijo2LCJydWxlX2lkIjoibGluay10ZXh0LXB1cnBvc2UiLCJpc3N1ZV9pbmRleCI6IjU4In0=,https://www.browserstack.com/docs/app-accessibility/rule-repository/rules-list/link-text-purpose
Mobile App Accessibility Exploration, v,Missing Heading,Ensure that text elements visually functioning as headings are programmatically marked as headings,WCAG 2.2-1.3.1 A,Moderate,N/A,7,59,No,None,None,TRUE,FALSE,"{""text"":""\""Select a Seat\"""",""isHeading"":false}",Ensure the elements serving as headings visually are programmatically marked as heading in respective frameworks,"[{""className"":""\""android.widget.TextView\""""},{""frame"":""{\""x\"":216,\""y\"":124,\""width\"":354,\""height\"":81}""},{""text"":""\""Select a Seat\""""},{""detectedLabel"":""\""\""""},{""accessible"":true},{""isHeading"":false}]",https://app-accessibility.browserstack.com/automated-tests/projects/4149340/builds/ANDROID+Session/1?thBuildId=wrz9clzrcfubqmwsuh92jwvjweufztcted7tynwr&activeTab=all_issues&locator=eyJzbmFwX2luZGV4Ijo2LCJydWxlX2lkIjoibWlzc2luZy1oZWFkaW5nIiwiaXNzdWVfaW5kZXgiOiI1OSJ9,https://www.browserstack.com/docs/app-accessibility/rule-repository/rules-list/content-structure/missing-heading
Mobile App Accessibility Exploration, v,Missing Heading,Ensure that text elements visually functioning as headings are programmatically marked as headings,WCAG 2.2-1.3.1 A,Moderate,N/A,7,60,Yes,None,None,FALSE,FALSE,"{""text"":""\""Neon Skyline\"""",""isHeading"":false}",Ensure the elements serving as headings visually are programmatically marked as heading in respective frameworks,"[{""className"":""\""android.widget.TextView\""""},{""frame"":""{\""x\"":48,\""y\"":297,\""width\"":301,\""height\"":68}""},{""text"":""\""Neon Skyline\""""},{""detectedLabel"":""\""\""""},{""accessible"":true},{""isHeading"":false}]",https://app-accessibility.browserstack.com/automated-tests/projects/4149340/builds/ANDROID+Session/1?thBuildId=wrz9clzrcfubqmwsuh92jwvjweufztcted7tynwr&activeTab=all_issues&locator=eyJzbmFwX2luZGV4Ijo2LCJydWxlX2lkIjoibWlzc2luZy1oZWFkaW5nIiwiaXNzdWVfaW5kZXgiOiI2MCJ9,https://www.browserstack.com/docs/app-accessibility/rule-repository/rules-list/content-structure/missing-heading
Mobile App Accessibility Exploration, v,Text Element Color Contrast (Minimum),Text elements should have a minimum contrast ratio with their background: 4.5:1 for small text and 3:1 for large text.,WCAG 2.2-1.4.3 AA,Serious,N/A,8,1,No,None,None,FALSE,FALSE,"{""detectedForegroundColor"":""\""#F5B942\"""",""detectedBackgroundColor"":""\""#4A4FBF\"""",""calculatedColorContrast"":3.76}",Adjust the color of the text element or its background to meet the specified minimum contrast ratio.,"[{""className"":""\""android.widget.TextView\""""},{""viewId"":null},{""frame"":""{\""x\"":781,\""y\"":671,\""width\"":21,\""height\"":49}""},{""visibleText"":""\""6\""""},{""accessible"":true},{""detectedForegroundColor"":""\""#F5B942\""""},{""detectedBackgroundColor"":""\""#4A4FBF\""""},{""fontSize"":""\""12.0\""""},{""isPotentiallyObscured"":false},{""calculatedColorContrast"":3.76}]",https://app-accessibility.browserstack.com/automated-tests/projects/4149340/builds/ANDROID+Session/1?thBuildId=wrz9clzrcfubqmwsuh92jwvjweufztcted7tynwr&activeTab=all_issues&locator=eyJzbmFwX2luZGV4Ijo3LCJydWxlX2lkIjoidGV4dC1jb2xvci1jb250cmFzdCIsImlzc3VlX2luZGV4IjoiMSJ9,https://www.browserstack.com/docs/app-accessibility/rule-repository/rules-list/text-element-color-contrast
Mobile App Accessibility Exploration, v,Text Element Color Contrast (Minimum),Text elements should have a minimum contrast ratio with their background: 4.5:1 for small text and 3:1 for large text.,WCAG 2.2-1.4.3 AA,Serious,N/A,8,2,No,None,None,FALSE,FALSE,"{""detectedForegroundColor"":""\""#F5B942\"""",""detectedBackgroundColor"":""\""#4A4FBF\"""",""calculatedColorContrast"":3.76}",Adjust the color of the text element or its background to meet the specified minimum contrast ratio.,"[{""className"":""\""android.widget.TextView\""""},{""viewId"":null},{""frame"":""{\""x\"":349,\""y\"":671,\""width\"":21,\""height\"":49}""},{""visibleText"":""\""3\""""},{""accessible"":true},{""detectedForegroundColor"":""\""#F5B942\""""},{""detectedBackgroundColor"":""\""#4A4FBF\""""},{""fontSize"":""\""12.0\""""},{""isPotentiallyObscured"":false},{""calculatedColorContrast"":3.76}]",https://app-accessibility.browserstack.com/automated-tests/projects/4149340/builds/ANDROID+Session/1?thBuildId=wrz9clzrcfubqmwsuh92jwvjweufztcted7tynwr&activeTab=all_issues&locator=eyJzbmFwX2luZGV4Ijo3LCJydWxlX2lkIjoidGV4dC1jb2xvci1jb250cmFzdCIsImlzc3VlX2luZGV4IjoiMiJ9,https://www.browserstack.com/docs/app-accessibility/rule-repository/rules-list/text-element-color-contrast
Mobile App Accessibility Exploration, v,Text Element Color Contrast (Minimum),Text elements should have a minimum contrast ratio with their background: 4.5:1 for small text and 3:1 for large text.,WCAG 2.2-1.4.3 AA,Serious,N/A,8,3,No,None,None,FALSE,FALSE,"{""detectedForegroundColor"":""\""#F5B942\"""",""detectedBackgroundColor"":""\""#4A4FBF\"""",""calculatedColorContrast"":3.76}",Adjust the color of the text element or its background to meet the specified minimum contrast ratio.,"[{""className"":""\""android.widget.TextView\""""},{""viewId"":null},{""frame"":""{\""x\"":781,\""y\"":815,\""width\"":21,\""height\"":49}""},{""visibleText"":""\""6\""""},{""accessible"":true},{""detectedForegroundColor"":""\""#F5B942\""""},{""detectedBackgroundColor"":""\""#4A4FBF\""""},{""fontSize"":""\""12.0\""""},{""isPotentiallyObscured"":false},{""calculatedColorContrast"":3.76}]",https://app-accessibility.browserstack.com/automated-tests/projects/4149340/builds/ANDROID+Session/1?thBuildId=wrz9clzrcfubqmwsuh92jwvjweufztcted7tynwr&activeTab=all_issues&locator=eyJzbmFwX2luZGV4Ijo3LCJydWxlX2lkIjoidGV4dC1jb2xvci1jb250cmFzdCIsImlzc3VlX2luZGV4IjoiMyJ9,https://www.browserstack.com/docs/app-accessibility/rule-repository/rules-list/text-element-color-contrast
Mobile App Accessibility Exploration, v,Text Element Color Contrast (Minimum),Text elements should have a minimum contrast ratio with their background: 4.5:1 for small text and 3:1 for large text.,WCAG 2.2-1.4.3 AA,Serious,seat-selection-max-note,8,4,No,None,None,FALSE,FALSE,"{""detectedForegroundColor"":""\""#9497AD\"""",""detectedBackgroundColor"":""\""#FFFFFF\"""",""calculatedColorContrast"":2.88}",Adjust the color of the text element or its background to meet the specified minimum contrast ratio.,"[{""className"":""\""android.widget.TextView\""""},{""viewId"":""\""seat-selection-max-note\""""},{""frame"":""{\""x\"":48,\""y\"":371,\""width\"":376,\""height\"":53}""},{""visibleText"":""\""Select up to 10 seats.\""""},{""accessible"":true},{""detectedForegroundColor"":""\""#9497AD\""""},{""detectedBackgroundColor"":""\""#FFFFFF\""""},{""fontSize"":""\""13.0\""""},{""isPotentiallyObscured"":false},{""calculatedColorContrast"":2.88}]",https://app-accessibility.browserstack.com/automated-tests/projects/4149340/builds/ANDROID+Session/1?thBuildId=wrz9clzrcfubqmwsuh92jwvjweufztcted7tynwr&activeTab=all_issues&locator=eyJzbmFwX2luZGV4Ijo3LCJydWxlX2lkIjoidGV4dC1jb2xvci1jb250cmFzdCIsImlzc3VlX2luZGV4IjoiNCJ9,https://www.browserstack.com/docs/app-accessibility/rule-repository/rules-list/text-element-color-contrast
Mobile App Accessibility Exploration, v,Text Element Color Contrast (Minimum),Text elements should have a minimum contrast ratio with their background: 4.5:1 for small text and 3:1 for large text.,WCAG 2.2-1.4.3 AA,Serious,N/A,8,5,No,None,None,FALSE,FALSE,"{""detectedForegroundColor"":""\""#F5B942\"""",""detectedBackgroundColor"":""\""#4A4FBF\"""",""calculatedColorContrast"":3.76}",Adjust the color of the text element or its background to meet the specified minimum contrast ratio.,"[{""className"":""\""android.widget.TextView\""""},{""viewId"":null},{""frame"":""{\""x\"":349,\""y\"":815,\""width\"":21,\""height\"":49}""},{""visibleText"":""\""3\""""},{""accessible"":true},{""detectedForegroundColor"":""\""#F5B942\""""},{""detectedBackgroundColor"":""\""#4A4FBF\""""},{""fontSize"":""\""12.0\""""},{""isPotentiallyObscured"":false},{""calculatedColorContrast"":3.76}]",https://app-accessibility.browserstack.com/automated-tests/projects/4149340/builds/ANDROID+Session/1?thBuildId=wrz9clzrcfubqmwsuh92jwvjweufztcted7tynwr&activeTab=all_issues&locator=eyJzbmFwX2luZGV4Ijo3LCJydWxlX2lkIjoidGV4dC1jb2xvci1jb250cmFzdCIsImlzc3VlX2luZGV4IjoiNSJ9,https://www.browserstack.com/docs/app-accessibility/rule-repository/rules-list/text-element-color-contrast
Mobile App Accessibility Exploration, v,Text Element Color Contrast (Minimum),Text elements should have a minimum contrast ratio with their background: 4.5:1 for small text and 3:1 for large text.,WCAG 2.2-1.4.3 AA,Serious,N/A,8,6,No,None,None,FALSE,FALSE,"{""detectedForegroundColor"":""\""#4A4FBF\"""",""detectedBackgroundColor"":""\""#F5B942\"""",""calculatedColorContrast"":3.76}",Adjust the color of the text element or its background to meet the specified minimum contrast ratio.,"[{""className"":""\""android.widget.TextView\""""},{""viewId"":null},{""frame"":""{\""x\"":205,\""y\"":671,\""width\"":21,\""height\"":49}""},{""visibleText"":""\""2\""""},{""accessible"":true},{""detectedForegroundColor"":""\""#4A4FBF\""""},{""detectedBackgroundColor"":""\""#F5B942\""""},{""fontSize"":""\""12.0\""""},{""isPotentiallyObscured"":false},{""calculatedColorContrast"":3.76}]",https://app-accessibility.browserstack.com/automated-tests/projects/4149340/builds/ANDROID+Session/1?thBuildId=wrz9clzrcfubqmwsuh92jwvjweufztcted7tynwr&activeTab=all_issues&locator=eyJzbmFwX2luZGV4Ijo3LCJydWxlX2lkIjoidGV4dC1jb2xvci1jb250cmFzdCIsImlzc3VlX2luZGV4IjoiNiJ9,https://www.browserstack.com/docs/app-accessibility/rule-repository/rules-list/text-element-color-contrast
Mobile App Accessibility Exploration, v,Text Element Color Contrast (Minimum),Text elements should have a minimum contrast ratio with their background: 4.5:1 for small text and 3:1 for large text.,WCAG 2.2-1.4.3 AA,Serious,N/A,8,7,No,None,None,FALSE,FALSE,"{""detectedForegroundColor"":""\""#4A4FBF\"""",""detectedBackgroundColor"":""\""#F5B942\"""",""calculatedColorContrast"":3.76}",Adjust the color of the text element or its background to meet the specified minimum contrast ratio.,"[{""className"":""\""android.widget.TextView\""""},{""viewId"":null},{""frame"":""{\""x\"":925,\""y\"":671,\""width\"":21,\""height\"":49}""},{""visibleText"":""\""7\""""},{""accessible"":true},{""detectedForegroundColor"":""\""#4A4FBF\""""},{""detectedBackgroundColor"":""\""#F5B942\""""},{""fontSize"":""\""12.0\""""},{""isPotentiallyObscured"":false},{""calculatedColorContrast"":3.76}]",https://app-accessibility.browserstack.com/automated-tests/projects/4149340/builds/ANDROID+Session/1?thBuildId=wrz9clzrcfubqmwsuh92jwvjweufztcted7tynwr&activeTab=all_issues&locator=eyJzbmFwX2luZGV4Ijo3LCJydWxlX2lkIjoidGV4dC1jb2xvci1jb250cmFzdCIsImlzc3VlX2luZGV4IjoiNyJ9,https://www.browserstack.com/docs/app-accessibility/rule-repository/rules-list/text-element-color-contrast
Mobile App Accessibility Exploration, v,Text Element Color Contrast (Minimum),Text elements should have a minimum contrast ratio with their background: 4.5:1 for small text and 3:1 for large text.,WCAG 2.2-1.4.3 AA,Serious,N/A,8,8,No,None,None,FALSE,FALSE,"{""detectedForegroundColor"":""\""#F5B942\"""",""detectedBackgroundColor"":""\""#4A4FBF\"""",""calculatedColorContrast"":3.76}",Adjust the color of the text element or its background to meet the specified minimum contrast ratio.,"[{""className"":""\""android.widget.TextView\""""},{""viewId"":null},{""frame"":""{\""x\"":637,\""y\"":671,\""width\"":21,\""height\"":49}""},{""visibleText"":""\""5\""""},{""accessible"":true},{""detectedForegroundColor"":""\""#F5B942\""""},{""detectedBackgroundColor"":""\""#4A4FBF\""""},{""fontSize"":""\""12.0\""""},{""isPotentiallyObscured"":false},{""calculatedColorContrast"":3.76}]",https://app-accessibility.browserstack.com/automated-tests/projects/4149340/builds/ANDROID+Session/1?thBuildId=wrz9clzrcfubqmwsuh92jwvjweufztcted7tynwr&activeTab=all_issues&locator=eyJzbmFwX2luZGV4Ijo3LCJydWxlX2lkIjoidGV4dC1jb2xvci1jb250cmFzdCIsImlzc3VlX2luZGV4IjoiOCJ9,https://www.browserstack.com/docs/app-accessibility/rule-repository/rules-list/text-element-color-contrast
Mobile App Accessibility Exploration, v,Text Element Color Contrast (Minimum),Text elements should have a minimum contrast ratio with their background: 4.5:1 for small text and 3:1 for large text.,WCAG 2.2-1.4.3 AA,Serious,N/A,8,9,No,None,None,FALSE,FALSE,"{""detectedForegroundColor"":""\""#4A4FBF\"""",""detectedBackgroundColor"":""\""#F5B942\"""",""calculatedColorContrast"":3.76}",Adjust the color of the text element or its background to meet the specified minimum contrast ratio.,"[{""className"":""\""android.widget.TextView\""""},{""viewId"":null},{""frame"":""{\""x\"":61,\""y\"":815,\""width\"":21,\""height\"":49}""},{""visibleText"":""\""1\""""},{""accessible"":true},{""detectedForegroundColor"":""\""#4A4FBF\""""},{""detectedBackgroundColor"":""\""#F5B942\""""},{""fontSize"":""\""12.0\""""},{""isPotentiallyObscured"":false},{""calculatedColorContrast"":3.76}]",https://app-accessibility.browserstack.com/automated-tests/projects/4149340/builds/ANDROID+Session/1?thBuildId=wrz9clzrcfubqmwsuh92jwvjweufztcted7tynwr&activeTab=all_issues&locator=eyJzbmFwX2luZGV4Ijo3LCJydWxlX2lkIjoidGV4dC1jb2xvci1jb250cmFzdCIsImlzc3VlX2luZGV4IjoiOSJ9,https://www.browserstack.com/docs/app-accessibility/rule-repository/rules-list/text-element-color-contrast
Mobile App Accessibility Exploration, v,Text Element Color Contrast (Minimum),Text elements should have a minimum contrast ratio with their background: 4.5:1 for small text and 3:1 for large text.,WCAG 2.2-1.4.3 AA,Serious,N/A,8,10,No,None,None,FALSE,FALSE,"{""detectedForegroundColor"":""\""#4A4FBF\"""",""detectedBackgroundColor"":""\""#F5B942\"""",""calculatedColorContrast"":3.76}",Adjust the color of the text element or its background to meet the specified minimum contrast ratio.,"[{""className"":""\""android.widget.TextView\""""},{""viewId"":null},{""frame"":""{\""x\"":493,\""y\"":815,\""width\"":21,\""height\"":49}""},{""visibleText"":""\""4\""""},{""accessible"":true},{""detectedForegroundColor"":""\""#4A4FBF\""""},{""detectedBackgroundColor"":""\""#F5B942\""""},{""fontSize"":""\""12.0\""""},{""isPotentiallyObscured"":false},{""calculatedColorContrast"":3.76}]",https://app-accessibility.browserstack.com/automated-tests/projects/4149340/builds/ANDROID+Session/1?thBuildId=wrz9clzrcfubqmwsuh92jwvjweufztcted7tynwr&activeTab=all_issues&locator=eyJzbmFwX2luZGV4Ijo3LCJydWxlX2lkIjoidGV4dC1jb2xvci1jb250cmFzdCIsImlzc3VlX2luZGV4IjoiMTAifQ==,https://www.browserstack.com/docs/app-accessibility/rule-repository/rules-list/text-element-color-contrast
Mobile App Accessibility Exploration, v,Text Element Color Contrast (Minimum),Text elements should have a minimum contrast ratio with their background: 4.5:1 for small text and 3:1 for large text.,WCAG 2.2-1.4.3 AA,Serious,N/A,8,11,No,None,None,FALSE,FALSE,"{""detectedForegroundColor"":""\""#9497AD\"""",""detectedBackgroundColor"":""\""#EEF0FA\"""",""calculatedColorContrast"":2.54}",Adjust the color of the text element or its background to meet the specified minimum contrast ratio.,"[{""className"":""\""android.widget.TextView\""""},{""viewId"":null},{""frame"":""{\""x\"":467,\""y\"":508,\""width\"":147,\""height\"":44}""},{""visibleText"":""\""STAGE\""""},{""accessible"":true},{""detectedForegroundColor"":""\""#9497AD\""""},{""detectedBackgroundColor"":""\""#EEF0FA\""""},{""fontSize"":""\""11.0\""""},{""isPotentiallyObscured"":false},{""calculatedColorContrast"":2.54}]",https://app-accessibility.browserstack.com/automated-tests/projects/4149340/builds/ANDROID+Session/1?thBuildId=wrz9clzrcfubqmwsuh92jwvjweufztcted7tynwr&activeTab=all_issues&locator=eyJzbmFwX2luZGV4Ijo3LCJydWxlX2lkIjoidGV4dC1jb2xvci1jb250cmFzdCIsImlzc3VlX2luZGV4IjoiMTEifQ==,https://www.browserstack.com/docs/app-accessibility/rule-repository/rules-list/text-element-color-contrast
Mobile App Accessibility Exploration, v,Text Element Color Contrast (Minimum),Text elements should have a minimum contrast ratio with their background: 4.5:1 for small text and 3:1 for large text.,WCAG 2.2-1.4.3 AA,Serious,N/A,8,12,No,None,None,FALSE,FALSE,"{""detectedForegroundColor"":""\""#4A4FBF\"""",""detectedBackgroundColor"":""\""#F5B942\"""",""calculatedColorContrast"":3.76}",Adjust the color of the text element or its background to meet the specified minimum contrast ratio.,"[{""className"":""\""android.widget.TextView\""""},{""viewId"":null},{""frame"":""{\""x\"":493,\""y\"":671,\""width\"":21,\""height\"":49}""},{""visibleText"":""\""4\""""},{""accessible"":true},{""detectedForegroundColor"":""\""#4A4FBF\""""},{""detectedBackgroundColor"":""\""#F5B942\""""},{""fontSize"":""\""12.0\""""},{""isPotentiallyObscured"":false},{""calculatedColorContrast"":3.76}]",https://app-accessibility.browserstack.com/automated-tests/projects/4149340/builds/ANDROID+Session/1?thBuildId=wrz9clzrcfubqmwsuh92jwvjweufztcted7tynwr&activeTab=all_issues&locator=eyJzbmFwX2luZGV4Ijo3LCJydWxlX2lkIjoidGV4dC1jb2xvci1jb250cmFzdCIsImlzc3VlX2luZGV4IjoiMTIifQ==,https://www.browserstack.com/docs/app-accessibility/rule-repository/rules-list/text-element-color-contrast
Mobile App Accessibility Exploration, v,Text Element Color Contrast (Minimum),Text elements should have a minimum contrast ratio with their background: 4.5:1 for small text and 3:1 for large text.,WCAG 2.2-1.4.3 AA,Serious,N/A,8,13,No,None,None,FALSE,FALSE,"{""detectedForegroundColor"":""\""#4A4FBF\"""",""detectedBackgroundColor"":""\""#F5B942\"""",""calculatedColorContrast"":3.76}",Adjust the color of the text element or its background to meet the specified minimum contrast ratio.,"[{""className"":""\""android.widget.TextView\""""},{""viewId"":null},{""frame"":""{\""x\"":205,\""y\"":815,\""width\"":21,\""height\"":49}""},{""visibleText"":""\""2\""""},{""accessible"":true},{""detectedForegroundColor"":""\""#4A4FBF\""""},{""detectedBackgroundColor"":""\""#F5B942\""""},{""fontSize"":""\""12.0\""""},{""isPotentiallyObscured"":false},{""calculatedColorContrast"":3.76}]",https://app-accessibility.browserstack.com/automated-tests/projects/4149340/builds/ANDROID+Session/1?thBuildId=wrz9clzrcfubqmwsuh92jwvjweufztcted7tynwr&activeTab=all_issues&locator=eyJzbmFwX2luZGV4Ijo3LCJydWxlX2lkIjoidGV4dC1jb2xvci1jb250cmFzdCIsImlzc3VlX2luZGV4IjoiMTMifQ==,https://www.browserstack.com/docs/app-accessibility/rule-repository/rules-list/text-element-color-contrast
Mobile App Accessibility Exploration, v,Text Element Color Contrast (Minimum),Text elements should have a minimum contrast ratio with their background: 4.5:1 for small text and 3:1 for large text.,WCAG 2.2-1.4.3 AA,Serious,N/A,8,14,No,None,None,FALSE,FALSE,"{""detectedForegroundColor"":""\""#4A4FBF\"""",""detectedBackgroundColor"":""\""#F5B942\"""",""calculatedColorContrast"":3.76}",Adjust the color of the text element or its background to meet the specified minimum contrast ratio.,"[{""className"":""\""android.widget.TextView\""""},{""viewId"":null},{""frame"":""{\""x\"":925,\""y\"":815,\""width\"":21,\""height\"":49}""},{""visibleText"":""\""7\""""},{""accessible"":true},{""detectedForegroundColor"":""\""#4A4FBF\""""},{""detectedBackgroundColor"":""\""#F5B942\""""},{""fontSize"":""\""12.0\""""},{""isPotentiallyObscured"":false},{""calculatedColorContrast"":3.76}]",https://app-accessibility.browserstack.com/automated-tests/projects/4149340/builds/ANDROID+Session/1?thBuildId=wrz9clzrcfubqmwsuh92jwvjweufztcted7tynwr&activeTab=all_issues&locator=eyJzbmFwX2luZGV4Ijo3LCJydWxlX2lkIjoidGV4dC1jb2xvci1jb250cmFzdCIsImlzc3VlX2luZGV4IjoiMTQifQ==,https://www.browserstack.com/docs/app-accessibility/rule-repository/rules-list/text-element-color-contrast
Mobile App Accessibility Exploration, v,Text Element Color Contrast (Minimum),Text elements should have a minimum contrast ratio with their background: 4.5:1 for small text and 3:1 for large text.,WCAG 2.2-1.4.3 AA,Serious,N/A,8,15,No,None,None,FALSE,FALSE,"{""detectedForegroundColor"":""\""#F5B942\"""",""detectedBackgroundColor"":""\""#4A4FBF\"""",""calculatedColorContrast"":3.76}",Adjust the color of the text element or its background to meet the specified minimum contrast ratio.,"[{""className"":""\""android.widget.TextView\""""},{""viewId"":null},{""frame"":""{\""x\"":637,\""y\"":815,\""width\"":21,\""height\"":49}""},{""visibleText"":""\""5\""""},{""accessible"":true},{""detectedForegroundColor"":""\""#F5B942\""""},{""detectedBackgroundColor"":""\""#4A4FBF\""""},{""fontSize"":""\""12.0\""""},{""isPotentiallyObscured"":false},{""calculatedColorContrast"":3.76}]",https://app-accessibility.browserstack.com/automated-tests/projects/4149340/builds/ANDROID+Session/1?thBuildId=wrz9clzrcfubqmwsuh92jwvjweufztcted7tynwr&activeTab=all_issues&locator=eyJzbmFwX2luZGV4Ijo3LCJydWxlX2lkIjoidGV4dC1jb2xvci1jb250cmFzdCIsImlzc3VlX2luZGV4IjoiMTUifQ==,https://www.browserstack.com/docs/app-accessibility/rule-repository/rules-list/text-element-color-contrast
Mobile App Accessibility Exploration, v,Touch Target Size,"Ensure that each interactive UI element has a focusable area, or touch target size, of at least 44x44 dp, logical pixels or equivalent",WCAG 2.2-2.5.5 AAA,Serious,seat-C5,8,16,No,None,None,FALSE,FALSE,"{""calculatedWidth"":""\""40\"""",""calculatedHeight"":""\""40\""""}",Users with motor limitations will find it difficult to accurately activate elements with the observed touch target size of '40 x 40'. The expected touch target size should be at minimum '44 x 44' to ensure accessibility and ease of use for all users.,"[{""className"":""\""android.widget.Button\""""},{""viewId"":""\""seat-C5\""""},{""frame"":""{\""x\"":588,\""y\"":924,\""width\"":120,\""height\"":120}""},{""visibleText"":""\""\""""},{""accessible"":true},{""isVisibleToUser"":true},{""isClickable"":true},{""isLongClickable"":false},{""screenWidth"":""\""\""""},{""screenHeight"":""\""\""""},{""screenDotsPerInch"":""\""\""""},{""calculatedWidth"":""\""40\""""},{""calculatedHeight"":""\""40\""""}]",https://app-accessibility.browserstack.com/automated-tests/projects/4149340/builds/ANDROID+Session/1?thBuildId=wrz9clzrcfubqmwsuh92jwvjweufztcted7tynwr&activeTab=all_issues&locator=eyJzbmFwX2luZGV4Ijo3LCJydWxlX2lkIjoidG91Y2gtdGFyZ2V0LXNpemUiLCJpc3N1ZV9pbmRleCI6IjE2In0=,https://www.browserstack.com/docs/app-accessibility/rule-repository/rules-list/touch-target-size
Mobile App Accessibility Exploration, v,Touch Target Size,"Ensure that each interactive UI element has a focusable area, or touch target size, of at least 44x44 dp, logical pixels or equivalent",WCAG 2.2-2.5.5 AAA,Serious,seat-D4,8,17,No,None,None,FALSE,FALSE,"{""calculatedWidth"":""\""40\"""",""calculatedHeight"":""\""40\""""}",Users with motor limitations will find it difficult to accurately activate elements with the observed touch target size of '40 x 40'. The expected touch target size should be at minimum '44 x 44' to ensure accessibility and ease of use for all users.,"[{""className"":""\""android.widget.Button\""""},{""viewId"":""\""seat-D4\""""},{""frame"":""{\""x\"":444,\""y\"":1068,\""width\"":120,\""height\"":120}""},{""visibleText"":""\""\""""},{""accessible"":true},{""isVisibleToUser"":true},{""isClickable"":true},{""isLongClickable"":false},{""screenWidth"":""\""\""""},{""screenHeight"":""\""\""""},{""screenDotsPerInch"":""\""\""""},{""calculatedWidth"":""\""40\""""},{""calculatedHeight"":""\""40\""""}]",https://app-accessibility.browserstack.com/automated-tests/projects/4149340/builds/ANDROID+Session/1?thBuildId=wrz9clzrcfubqmwsuh92jwvjweufztcted7tynwr&activeTab=all_issues&locator=eyJzbmFwX2luZGV4Ijo3LCJydWxlX2lkIjoidG91Y2gtdGFyZ2V0LXNpemUiLCJpc3N1ZV9pbmRleCI6IjE3In0=,https://www.browserstack.com/docs/app-accessibility/rule-repository/rules-list/touch-target-size
Mobile App Accessibility Exploration, v,Touch Target Size,"Ensure that each interactive UI element has a focusable area, or touch target size, of at least 44x44 dp, logical pixels or equivalent",WCAG 2.2-2.5.5 AAA,Serious,seat-C1,8,18,No,None,None,FALSE,FALSE,"{""calculatedWidth"":""\""40\"""",""calculatedHeight"":""\""40\""""}",Users with motor limitations will find it difficult to accurately activate elements with the observed touch target size of '40 x 40'. The expected touch target size should be at minimum '44 x 44' to ensure accessibility and ease of use for all users.,"[{""className"":""\""android.widget.Button\""""},{""viewId"":""\""seat-C1\""""},{""frame"":""{\""x\"":12,\""y\"":924,\""width\"":120,\""height\"":120}""},{""visibleText"":""\""\""""},{""accessible"":true},{""isVisibleToUser"":true},{""isClickable"":true},{""isLongClickable"":false},{""screenWidth"":""\""\""""},{""screenHeight"":""\""\""""},{""screenDotsPerInch"":""\""\""""},{""calculatedWidth"":""\""40\""""},{""calculatedHeight"":""\""40\""""}]",https://app-accessibility.browserstack.com/automated-tests/projects/4149340/builds/ANDROID+Session/1?thBuildId=wrz9clzrcfubqmwsuh92jwvjweufztcted7tynwr&activeTab=all_issues&locator=eyJzbmFwX2luZGV4Ijo3LCJydWxlX2lkIjoidG91Y2gtdGFyZ2V0LXNpemUiLCJpc3N1ZV9pbmRleCI6IjE4In0=,https://www.browserstack.com/docs/app-accessibility/rule-repository/rules-list/touch-target-size
Mobile App Accessibility Exploration, v,Touch Target Size,"Ensure that each interactive UI element has a focusable area, or touch target size, of at least 44x44 dp, logical pixels or equivalent",WCAG 2.2-2.5.5 AAA,Serious,seat-D8,8,19,No,None,None,FALSE,FALSE,"{""calculatedWidth"":""\""20\"""",""calculatedHeight"":""\""40\""""}",Users with motor limitations will find it difficult to accurately activate elements with the observed touch target size of '20 x 40'. The expected touch target size should be at minimum '44 x 44' to ensure accessibility and ease of use for all users.,"[{""className"":""\""android.widget.Button\""""},{""viewId"":""\""seat-D8\""""},{""frame"":""{\""x\"":1020,\""y\"":1068,\""width\"":60,\""height\"":120}""},{""visibleText"":""\""\""""},{""accessible"":true},{""isVisibleToUser"":true},{""isClickable"":true},{""isLongClickable"":false},{""screenWidth"":""\""\""""},{""screenHeight"":""\""\""""},{""screenDotsPerInch"":""\""\""""},{""calculatedWidth"":""\""20\""""},{""calculatedHeight"":""\""40\""""}]",https://app-accessibility.browserstack.com/automated-tests/projects/4149340/builds/ANDROID+Session/1?thBuildId=wrz9clzrcfubqmwsuh92jwvjweufztcted7tynwr&activeTab=all_issues&locator=eyJzbmFwX2luZGV4Ijo3LCJydWxlX2lkIjoidG91Y2gtdGFyZ2V0LXNpemUiLCJpc3N1ZV9pbmRleCI6IjE5In0=,https://www.browserstack.com/docs/app-accessibility/rule-repository/rules-list/touch-target-size
Mobile App Accessibility Exploration, v,Touch Target Size,"Ensure that each interactive UI element has a focusable area, or touch target size, of at least 44x44 dp, logical pixels or equivalent",WCAG 2.2-2.5.5 AAA,Serious,seat-E3,8,20,No,None,None,FALSE,FALSE,"{""calculatedWidth"":""\""40\"""",""calculatedHeight"":""\""40\""""}",Users with motor limitations will find it difficult to accurately activate elements with the observed touch target size of '40 x 40'. The expected touch target size should be at minimum '44 x 44' to ensure accessibility and ease of use for all users.,"[{""className"":""\""android.widget.Button\""""},{""viewId"":""\""seat-E3\""""},{""frame"":""{\""x\"":300,\""y\"":1212,\""width\"":120,\""height\"":120}""},{""visibleText"":""\""\""""},{""accessible"":true},{""isVisibleToUser"":true},{""isClickable"":true},{""isLongClickable"":false},{""screenWidth"":""\""\""""},{""screenHeight"":""\""\""""},{""screenDotsPerInch"":""\""\""""},{""calculatedWidth"":""\""40\""""},{""calculatedHeight"":""\""40\""""}]",https://app-accessibility.browserstack.com/automated-tests/projects/4149340/builds/ANDROID+Session/1?thBuildId=wrz9clzrcfubqmwsuh92jwvjweufztcted7tynwr&activeTab=all_issues&locator=eyJzbmFwX2luZGV4Ijo3LCJydWxlX2lkIjoidG91Y2gtdGFyZ2V0LXNpemUiLCJpc3N1ZV9pbmRleCI6IjIwIn0=,https://www.browserstack.com/docs/app-accessibility/rule-repository/rules-list/touch-target-size
Mobile App Accessibility Exploration, v,Touch Target Size,"Ensure that each interactive UI element has a focusable area, or touch target size, of at least 44x44 dp, logical pixels or equivalent",WCAG 2.2-2.5.5 AAA,Serious,seat-A5,8,21,No,None,None,FALSE,FALSE,"{""calculatedWidth"":""\""40\"""",""calculatedHeight"":""\""40\""""}",Users with motor limitations will find it difficult to accurately activate elements with the observed touch target size of '40 x 40'. The expected touch target size should be at minimum '44 x 44' to ensure accessibility and ease of use for all users.,"[{""className"":""\""android.widget.Button\""""},{""viewId"":""\""seat-A5\""""},{""frame"":""{\""x\"":588,\""y\"":636,\""width\"":120,\""height\"":120}""},{""visibleText"":""\""\""""},{""accessible"":true},{""isVisibleToUser"":true},{""isClickable"":true},{""isLongClickable"":false},{""screenWidth"":""\""\""""},{""screenHeight"":""\""\""""},{""screenDotsPerInch"":""\""\""""},{""calculatedWidth"":""\""40\""""},{""calculatedHeight"":""\""40\""""}]",https://app-accessibility.browserstack.com/automated-tests/projects/4149340/builds/ANDROID+Session/1?thBuildId=wrz9clzrcfubqmwsuh92jwvjweufztcted7tynwr&activeTab=all_issues&locator=eyJzbmFwX2luZGV4Ijo3LCJydWxlX2lkIjoidG91Y2gtdGFyZ2V0LXNpemUiLCJpc3N1ZV9pbmRleCI6IjIxIn0=,https://www.browserstack.com/docs/app-accessibility/rule-repository/rules-list/touch-target-size
Mobile App Accessibility Exploration, v,Touch Target Size,"Ensure that each interactive UI element has a focusable area, or touch target size, of at least 44x44 dp, logical pixels or equivalent",WCAG 2.2-2.5.5 AAA,Serious,seat-B4,8,22,No,None,None,FALSE,FALSE,"{""calculatedWidth"":""\""40\"""",""calculatedHeight"":""\""40\""""}",Users with motor limitations will find it difficult to accurately activate elements with the observed touch target size of '40 x 40'. The expected touch target size should be at minimum '44 x 44' to ensure accessibility and ease of use for all users.,"[{""className"":""\""android.widget.Button\""""},{""viewId"":""\""seat-B4\""""},{""frame"":""{\""x\"":444,\""y\"":780,\""width\"":120,\""height\"":120}""},{""visibleText"":""\""\""""},{""accessible"":true},{""isVisibleToUser"":true},{""isClickable"":true},{""isLongClickable"":false},{""screenWidth"":""\""\""""},{""screenHeight"":""\""\""""},{""screenDotsPerInch"":""\""\""""},{""calculatedWidth"":""\""40\""""},{""calculatedHeight"":""\""40\""""}]",https://app-accessibility.browserstack.com/automated-tests/projects/4149340/builds/ANDROID+Session/1?thBuildId=wrz9clzrcfubqmwsuh92jwvjweufztcted7tynwr&activeTab=all_issues&locator=eyJzbmFwX2luZGV4Ijo3LCJydWxlX2lkIjoidG91Y2gtdGFyZ2V0LXNpemUiLCJpc3N1ZV9pbmRleCI6IjIyIn0=,https://www.browserstack.com/docs/app-accessibility/rule-repository/rules-list/touch-target-size
Mobile App Accessibility Exploration, v,Touch Target Size,"Ensure that each interactive UI element has a focusable area, or touch target size, of at least 44x44 dp, logical pixels or equivalent",WCAG 2.2-2.5.5 AAA,Serious,seat-E6,8,23,No,None,None,FALSE,FALSE,"{""calculatedWidth"":""\""40\"""",""calculatedHeight"":""\""40\""""}",Users with motor limitations will find it difficult to accurately activate elements with the observed touch target size of '40 x 40'. The expected touch target size should be at minimum '44 x 44' to ensure accessibility and ease of use for all users.,"[{""className"":""\""android.widget.Button\""""},{""viewId"":""\""seat-E6\""""},{""frame"":""{\""x\"":732,\""y\"":1212,\""width\"":120,\""height\"":120}""},{""visibleText"":""\""\""""},{""accessible"":true},{""isVisibleToUser"":true},{""isClickable"":true},{""isLongClickable"":false},{""screenWidth"":""\""\""""},{""screenHeight"":""\""\""""},{""screenDotsPerInch"":""\""\""""},{""calculatedWidth"":""\""40\""""},{""calculatedHeight"":""\""40\""""}]",https://app-accessibility.browserstack.com/automated-tests/projects/4149340/builds/ANDROID+Session/1?thBuildId=wrz9clzrcfubqmwsuh92jwvjweufztcted7tynwr&activeTab=all_issues&locator=eyJzbmFwX2luZGV4Ijo3LCJydWxlX2lkIjoidG91Y2gtdGFyZ2V0LXNpemUiLCJpc3N1ZV9pbmRleCI6IjIzIn0=,https://www.browserstack.com/docs/app-accessibility/rule-repository/rules-list/touch-target-size
Mobile App Accessibility Exploration, v,Touch Target Size,"Ensure that each interactive UI element has a focusable area, or touch target size, of at least 44x44 dp, logical pixels or equivalent",WCAG 2.2-2.5.5 AAA,Serious,seat-D6,8,24,No,None,None,FALSE,FALSE,"{""calculatedWidth"":""\""40\"""",""calculatedHeight"":""\""40\""""}",Users with motor limitations will find it difficult to accurately activate elements with the observed touch target size of '40 x 40'. The expected touch target size should be at minimum '44 x 44' to ensure accessibility and ease of use for all users.,"[{""className"":""\""android.widget.Button\""""},{""viewId"":""\""seat-D6\""""},{""frame"":""{\""x\"":732,\""y\"":1068,\""width\"":120,\""height\"":120}""},{""visibleText"":""\""\""""},{""accessible"":true},{""isVisibleToUser"":true},{""isClickable"":true},{""isLongClickable"":false},{""screenWidth"":""\""\""""},{""screenHeight"":""\""\""""},{""screenDotsPerInch"":""\""\""""},{""calculatedWidth"":""\""40\""""},{""calculatedHeight"":""\""40\""""}]",https://app-accessibility.browserstack.com/automated-tests/projects/4149340/builds/ANDROID+Session/1?thBuildId=wrz9clzrcfubqmwsuh92jwvjweufztcted7tynwr&activeTab=all_issues&locator=eyJzbmFwX2luZGV4Ijo3LCJydWxlX2lkIjoidG91Y2gtdGFyZ2V0LXNpemUiLCJpc3N1ZV9pbmRleCI6IjI0In0=,https://www.browserstack.com/docs/app-accessibility/rule-repository/rules-list/touch-target-size
Mobile App Accessibility Exploration, v,Touch Target Size,"Ensure that each interactive UI element has a focusable area, or touch target size, of at least 44x44 dp, logical pixels or equivalent",WCAG 2.2-2.5.5 AAA,Serious,seat-A1,8,25,No,None,None,FALSE,FALSE,"{""calculatedWidth"":""\""40\"""",""calculatedHeight"":""\""40\""""}",Users with motor limitations will find it difficult to accurately activate elements with the observed touch target size of '40 x 40'. The expected touch target size should be at minimum '44 x 44' to ensure accessibility and ease of use for all users.,"[{""className"":""\""android.widget.Button\""""},{""viewId"":""\""seat-A1\""""},{""frame"":""{\""x\"":12,\""y\"":636,\""width\"":120,\""height\"":120}""},{""visibleText"":""\""\""""},{""accessible"":true},{""isVisibleToUser"":true},{""isClickable"":true},{""isLongClickable"":false},{""screenWidth"":""\""\""""},{""screenHeight"":""\""\""""},{""screenDotsPerInch"":""\""\""""},{""calculatedWidth"":""\""40\""""},{""calculatedHeight"":""\""40\""""}]",https://app-accessibility.browserstack.com/automated-tests/projects/4149340/builds/ANDROID+Session/1?thBuildId=wrz9clzrcfubqmwsuh92jwvjweufztcted7tynwr&activeTab=all_issues&locator=eyJzbmFwX2luZGV4Ijo3LCJydWxlX2lkIjoidG91Y2gtdGFyZ2V0LXNpemUiLCJpc3N1ZV9pbmRleCI6IjI1In0=,https://www.browserstack.com/docs/app-accessibility/rule-repository/rules-list/touch-target-size
Mobile App Accessibility Exploration, v,Touch Target Size,"Ensure that each interactive UI element has a focusable area, or touch target size, of at least 44x44 dp, logical pixels or equivalent",WCAG 2.2-2.5.5 AAA,Serious,seat-C7,8,26,No,None,None,FALSE,FALSE,"{""calculatedWidth"":""\""40\"""",""calculatedHeight"":""\""40\""""}",Users with motor limitations will find it difficult to accurately activate elements with the observed touch target size of '40 x 40'. The expected touch target size should be at minimum '44 x 44' to ensure accessibility and ease of use for all users.,"[{""className"":""\""android.widget.Button\""""},{""viewId"":""\""seat-C7\""""},{""frame"":""{\""x\"":876,\""y\"":924,\""width\"":120,\""height\"":120}""},{""visibleText"":""\""\""""},{""accessible"":true},{""isVisibleToUser"":true},{""isClickable"":true},{""isLongClickable"":false},{""screenWidth"":""\""\""""},{""screenHeight"":""\""\""""},{""screenDotsPerInch"":""\""\""""},{""calculatedWidth"":""\""40\""""},{""calculatedHeight"":""\""40\""""}]",https://app-accessibility.browserstack.com/automated-tests/projects/4149340/builds/ANDROID+Session/1?thBuildId=wrz9clzrcfubqmwsuh92jwvjweufztcted7tynwr&activeTab=all_issues&locator=eyJzbmFwX2luZGV4Ijo3LCJydWxlX2lkIjoidG91Y2gtdGFyZ2V0LXNpemUiLCJpc3N1ZV9pbmRleCI6IjI2In0=,https://www.browserstack.com/docs/app-accessibility/rule-repository/rules-list/touch-target-size
Mobile App Accessibility Exploration, v,Touch Target Size,"Ensure that each interactive UI element has a focusable area, or touch target size, of at least 44x44 dp, logical pixels or equivalent",WCAG 2.2-2.5.5 AAA,Serious,seat-E5,8,27,No,None,None,FALSE,FALSE,"{""calculatedWidth"":""\""40\"""",""calculatedHeight"":""\""40\""""}",Users with motor limitations will find it difficult to accurately activate elements with the observed touch target size of '40 x 40'. The expected touch target size should be at minimum '44 x 44' to ensure accessibility and ease of use for all users.,"[{""className"":""\""android.widget.Button\""""},{""viewId"":""\""seat-E5\""""},{""frame"":""{\""x\"":588,\""y\"":1212,\""width\"":120,\""height\"":120}""},{""visibleText"":""\""\""""},{""accessible"":true},{""isVisibleToUser"":true},{""isClickable"":true},{""isLongClickable"":false},{""screenWidth"":""\""\""""},{""screenHeight"":""\""\""""},{""screenDotsPerInch"":""\""\""""},{""calculatedWidth"":""\""40\""""},{""calculatedHeight"":""\""40\""""}]",https://app-accessibility.browserstack.com/automated-tests/projects/4149340/builds/ANDROID+Session/1?thBuildId=wrz9clzrcfubqmwsuh92jwvjweufztcted7tynwr&activeTab=all_issues&locator=eyJzbmFwX2luZGV4Ijo3LCJydWxlX2lkIjoidG91Y2gtdGFyZ2V0LXNpemUiLCJpc3N1ZV9pbmRleCI6IjI3In0=,https://www.browserstack.com/docs/app-accessibility/rule-repository/rules-list/touch-target-size
Mobile App Accessibility Exploration, v,Touch Target Size,"Ensure that each interactive UI element has a focusable area, or touch target size, of at least 44x44 dp, logical pixels or equivalent",WCAG 2.2-2.5.5 AAA,Serious,seat-D2,8,28,No,None,None,FALSE,FALSE,"{""calculatedWidth"":""\""40\"""",""calculatedHeight"":""\""40\""""}",Users with motor limitations will find it difficult to accurately activate elements with the observed touch target size of '40 x 40'. The expected touch target size should be at minimum '44 x 44' to ensure accessibility and ease of use for all users.,"[{""className"":""\""android.widget.Button\""""},{""viewId"":""\""seat-D2\""""},{""frame"":""{\""x\"":156,\""y\"":1068,\""width\"":120,\""height\"":120}""},{""visibleText"":""\""\""""},{""accessible"":true},{""isVisibleToUser"":true},{""isClickable"":true},{""isLongClickable"":false},{""screenWidth"":""\""\""""},{""screenHeight"":""\""\""""},{""screenDotsPerInch"":""\""\""""},{""calculatedWidth"":""\""40\""""},{""calculatedHeight"":""\""40\""""}]",https://app-accessibility.browserstack.com/automated-tests/projects/4149340/builds/ANDROID+Session/1?thBuildId=wrz9clzrcfubqmwsuh92jwvjweufztcted7tynwr&activeTab=all_issues&locator=eyJzbmFwX2luZGV4Ijo3LCJydWxlX2lkIjoidG91Y2gtdGFyZ2V0LXNpemUiLCJpc3N1ZV9pbmRleCI6IjI4In0=,https://www.browserstack.com/docs/app-accessibility/rule-repository/rules-list/touch-target-size
Mobile App Accessibility Exploration, v,Touch Target Size,"Ensure that each interactive UI element has a focusable area, or touch target size, of at least 44x44 dp, logical pixels or equivalent",WCAG 2.2-2.5.5 AAA,Serious,seat-E7,8,29,No,None,None,FALSE,FALSE,"{""calculatedWidth"":""\""40\"""",""calculatedHeight"":""\""40\""""}",Users with motor limitations will find it difficult to accurately activate elements with the observed touch target size of '40 x 40'. The expected touch target size should be at minimum '44 x 44' to ensure accessibility and ease of use for all users.,"[{""className"":""\""android.widget.Button\""""},{""viewId"":""\""seat-E7\""""},{""frame"":""{\""x\"":876,\""y\"":1212,\""width\"":120,\""height\"":120}""},{""visibleText"":""\""\""""},{""accessible"":true},{""isVisibleToUser"":true},{""isClickable"":true},{""isLongClickable"":false},{""screenWidth"":""\""\""""},{""screenHeight"":""\""\""""},{""screenDotsPerInch"":""\""\""""},{""calculatedWidth"":""\""40\""""},{""calculatedHeight"":""\""40\""""}]",https://app-accessibility.browserstack.com/automated-tests/projects/4149340/builds/ANDROID+Session/1?thBuildId=wrz9clzrcfubqmwsuh92jwvjweufztcted7tynwr&activeTab=all_issues&locator=eyJzbmFwX2luZGV4Ijo3LCJydWxlX2lkIjoidG91Y2gtdGFyZ2V0LXNpemUiLCJpc3N1ZV9pbmRleCI6IjI5In0=,https://www.browserstack.com/docs/app-accessibility/rule-repository/rules-list/touch-target-size
Mobile App Accessibility Exploration, v,Touch Target Size,"Ensure that each interactive UI element has a focusable area, or touch target size, of at least 44x44 dp, logical pixels or equivalent",WCAG 2.2-2.5.5 AAA,Serious,seat-B2,8,30,No,None,None,FALSE,FALSE,"{""calculatedWidth"":""\""40\"""",""calculatedHeight"":""\""40\""""}",Users with motor limitations will find it difficult to accurately activate elements with the observed touch target size of '40 x 40'. The expected touch target size should be at minimum '44 x 44' to ensure accessibility and ease of use for all users.,"[{""className"":""\""android.widget.Button\""""},{""viewId"":""\""seat-B2\""""},{""frame"":""{\""x\"":156,\""y\"":780,\""width\"":120,\""height\"":120}""},{""visibleText"":""\""\""""},{""accessible"":true},{""isVisibleToUser"":true},{""isClickable"":true},{""isLongClickable"":false},{""screenWidth"":""\""\""""},{""screenHeight"":""\""\""""},{""screenDotsPerInch"":""\""\""""},{""calculatedWidth"":""\""40\""""},{""calculatedHeight"":""\""40\""""}]",https://app-accessibility.browserstack.com/automated-tests/projects/4149340/builds/ANDROID+Session/1?thBuildId=wrz9clzrcfubqmwsuh92jwvjweufztcted7tynwr&activeTab=all_issues&locator=eyJzbmFwX2luZGV4Ijo3LCJydWxlX2lkIjoidG91Y2gtdGFyZ2V0LXNpemUiLCJpc3N1ZV9pbmRleCI6IjMwIn0=,https://www.browserstack.com/docs/app-accessibility/rule-repository/rules-list/touch-target-size
Mobile App Accessibility Exploration, v,Touch Target Size,"Ensure that each interactive UI element has a focusable area, or touch target size, of at least 44x44 dp, logical pixels or equivalent",WCAG 2.2-2.5.5 AAA,Serious,seat-B6,8,31,No,None,None,FALSE,FALSE,"{""calculatedWidth"":""\""40\"""",""calculatedHeight"":""\""40\""""}",Users with motor limitations will find it difficult to accurately activate elements with the observed touch target size of '40 x 40'. The expected touch target size should be at minimum '44 x 44' to ensure accessibility and ease of use for all users.,"[{""className"":""\""android.widget.Button\""""},{""viewId"":""\""seat-B6\""""},{""frame"":""{\""x\"":732,\""y\"":780,\""width\"":120,\""height\"":120}""},{""visibleText"":""\""\""""},{""accessible"":true},{""isVisibleToUser"":true},{""isClickable"":true},{""isLongClickable"":false},{""screenWidth"":""\""\""""},{""screenHeight"":""\""\""""},{""screenDotsPerInch"":""\""\""""},{""calculatedWidth"":""\""40\""""},{""calculatedHeight"":""\""40\""""}]",https://app-accessibility.browserstack.com/automated-tests/projects/4149340/builds/ANDROID+Session/1?thBuildId=wrz9clzrcfubqmwsuh92jwvjweufztcted7tynwr&activeTab=all_issues&locator=eyJzbmFwX2luZGV4Ijo3LCJydWxlX2lkIjoidG91Y2gtdGFyZ2V0LXNpemUiLCJpc3N1ZV9pbmRleCI6IjMxIn0=,https://www.browserstack.com/docs/app-accessibility/rule-repository/rules-list/touch-target-size
Mobile App Accessibility Exploration, v,Touch Target Size,"Ensure that each interactive UI element has a focusable area, or touch target size, of at least 44x44 dp, logical pixels or equivalent",WCAG 2.2-2.5.5 AAA,Serious,seat-A7,8,32,No,None,None,FALSE,FALSE,"{""calculatedWidth"":""\""40\"""",""calculatedHeight"":""\""40\""""}",Users with motor limitations will find it difficult to accurately activate elements with the observed touch target size of '40 x 40'. The expected touch target size should be at minimum '44 x 44' to ensure accessibility and ease of use for all users.,"[{""className"":""\""android.widget.Button\""""},{""viewId"":""\""seat-A7\""""},{""frame"":""{\""x\"":876,\""y\"":636,\""width\"":120,\""height\"":120}""},{""visibleText"":""\""\""""},{""accessible"":true},{""isVisibleToUser"":true},{""isClickable"":true},{""isLongClickable"":false},{""screenWidth"":""\""\""""},{""screenHeight"":""\""\""""},{""screenDotsPerInch"":""\""\""""},{""calculatedWidth"":""\""40\""""},{""calculatedHeight"":""\""40\""""}]",https://app-accessibility.browserstack.com/automated-tests/projects/4149340/builds/ANDROID+Session/1?thBuildId=wrz9clzrcfubqmwsuh92jwvjweufztcted7tynwr&activeTab=all_issues&locator=eyJzbmFwX2luZGV4Ijo3LCJydWxlX2lkIjoidG91Y2gtdGFyZ2V0LXNpemUiLCJpc3N1ZV9pbmRleCI6IjMyIn0=,https://www.browserstack.com/docs/app-accessibility/rule-repository/rules-list/touch-target-size
Mobile App Accessibility Exploration, v,Touch Target Size,"Ensure that each interactive UI element has a focusable area, or touch target size, of at least 44x44 dp, logical pixels or equivalent",WCAG 2.2-2.5.5 AAA,Serious,seat-A3,8,33,No,None,None,FALSE,FALSE,"{""calculatedWidth"":""\""40\"""",""calculatedHeight"":""\""40\""""}",Users with motor limitations will find it difficult to accurately activate elements with the observed touch target size of '40 x 40'. The expected touch target size should be at minimum '44 x 44' to ensure accessibility and ease of use for all users.,"[{""className"":""\""android.widget.Button\""""},{""viewId"":""\""seat-A3\""""},{""frame"":""{\""x\"":300,\""y\"":636,\""width\"":120,\""height\"":120}""},{""visibleText"":""\""\""""},{""accessible"":true},{""isVisibleToUser"":true},{""isClickable"":true},{""isLongClickable"":false},{""screenWidth"":""\""\""""},{""screenHeight"":""\""\""""},{""screenDotsPerInch"":""\""\""""},{""calculatedWidth"":""\""40\""""},{""calculatedHeight"":""\""40\""""}]",https://app-accessibility.browserstack.com/automated-tests/projects/4149340/builds/ANDROID+Session/1?thBuildId=wrz9clzrcfubqmwsuh92jwvjweufztcted7tynwr&activeTab=all_issues&locator=eyJzbmFwX2luZGV4Ijo3LCJydWxlX2lkIjoidG91Y2gtdGFyZ2V0LXNpemUiLCJpc3N1ZV9pbmRleCI6IjMzIn0=,https://www.browserstack.com/docs/app-accessibility/rule-repository/rules-list/touch-target-size
Mobile App Accessibility Exploration, v,Touch Target Size,"Ensure that each interactive UI element has a focusable area, or touch target size, of at least 44x44 dp, logical pixels or equivalent",WCAG 2.2-2.5.5 AAA,Serious,seat-D5,8,34,No,None,None,FALSE,FALSE,"{""calculatedWidth"":""\""40\"""",""calculatedHeight"":""\""40\""""}",Users with motor limitations will find it difficult to accurately activate elements with the observed touch target size of '40 x 40'. The expected touch target size should be at minimum '44 x 44' to ensure accessibility and ease of use for all users.,"[{""className"":""\""android.widget.Button\""""},{""viewId"":""\""seat-D5\""""},{""frame"":""{\""x\"":588,\""y\"":1068,\""width\"":120,\""height\"":120}""},{""visibleText"":""\""\""""},{""accessible"":true},{""isVisibleToUser"":true},{""isClickable"":true},{""isLongClickable"":false},{""screenWidth"":""\""\""""},{""screenHeight"":""\""\""""},{""screenDotsPerInch"":""\""\""""},{""calculatedWidth"":""\""40\""""},{""calculatedHeight"":""\""40\""""}]",https://app-accessibility.browserstack.com/automated-tests/projects/4149340/builds/ANDROID+Session/1?thBuildId=wrz9clzrcfubqmwsuh92jwvjweufztcted7tynwr&activeTab=all_issues&locator=eyJzbmFwX2luZGV4Ijo3LCJydWxlX2lkIjoidG91Y2gtdGFyZ2V0LXNpemUiLCJpc3N1ZV9pbmRleCI6IjM0In0=,https://www.browserstack.com/docs/app-accessibility/rule-repository/rules-list/touch-target-size
Mobile App Accessibility Exploration, v,Touch Target Size,"Ensure that each interactive UI element has a focusable area, or touch target size, of at least 44x44 dp, logical pixels or equivalent",WCAG 2.2-2.5.5 AAA,Serious,seat-A6,8,35,No,None,None,FALSE,FALSE,"{""calculatedWidth"":""\""40\"""",""calculatedHeight"":""\""40\""""}",Users with motor limitations will find it difficult to accurately activate elements with the observed touch target size of '40 x 40'. The expected touch target size should be at minimum '44 x 44' to ensure accessibility and ease of use for all users.,"[{""className"":""\""android.widget.Button\""""},{""viewId"":""\""seat-A6\""""},{""frame"":""{\""x\"":732,\""y\"":636,\""width\"":120,\""height\"":120}""},{""visibleText"":""\""\""""},{""accessible"":true},{""isVisibleToUser"":true},{""isClickable"":true},{""isLongClickable"":false},{""screenWidth"":""\""\""""},{""screenHeight"":""\""\""""},{""screenDotsPerInch"":""\""\""""},{""calculatedWidth"":""\""40\""""},{""calculatedHeight"":""\""40\""""}]",https://app-accessibility.browserstack.com/automated-tests/projects/4149340/builds/ANDROID+Session/1?thBuildId=wrz9clzrcfubqmwsuh92jwvjweufztcted7tynwr&activeTab=all_issues&locator=eyJzbmFwX2luZGV4Ijo3LCJydWxlX2lkIjoidG91Y2gtdGFyZ2V0LXNpemUiLCJpc3N1ZV9pbmRleCI6IjM1In0=,https://www.browserstack.com/docs/app-accessibility/rule-repository/rules-list/touch-target-size
Mobile App Accessibility Exploration, v,Touch Target Size,"Ensure that each interactive UI element has a focusable area, or touch target size, of at least 44x44 dp, logical pixels or equivalent",WCAG 2.2-2.5.5 AAA,Serious,seat-E1,8,36,No,None,None,FALSE,FALSE,"{""calculatedWidth"":""\""40\"""",""calculatedHeight"":""\""40\""""}",Users with motor limitations will find it difficult to accurately activate elements with the observed touch target size of '40 x 40'. The expected touch target size should be at minimum '44 x 44' to ensure accessibility and ease of use for all users.,"[{""className"":""\""android.widget.Button\""""},{""viewId"":""\""seat-E1\""""},{""frame"":""{\""x\"":12,\""y\"":1212,\""width\"":120,\""height\"":120}""},{""visibleText"":""\""\""""},{""accessible"":true},{""isVisibleToUser"":true},{""isClickable"":true},{""isLongClickable"":false},{""screenWidth"":""\""\""""},{""screenHeight"":""\""\""""},{""screenDotsPerInch"":""\""\""""},{""calculatedWidth"":""\""40\""""},{""calculatedHeight"":""\""40\""""}]",https://app-accessibility.browserstack.com/automated-tests/projects/4149340/builds/ANDROID+Session/1?thBuildId=wrz9clzrcfubqmwsuh92jwvjweufztcted7tynwr&activeTab=all_issues&locator=eyJzbmFwX2luZGV4Ijo3LCJydWxlX2lkIjoidG91Y2gtdGFyZ2V0LXNpemUiLCJpc3N1ZV9pbmRleCI6IjM2In0=,https://www.browserstack.com/docs/app-accessibility/rule-repository/rules-list/touch-target-size
Mobile App Accessibility Exploration, v,Touch Target Size,"Ensure that each interactive UI element has a focusable area, or touch target size, of at least 44x44 dp, logical pixels or equivalent",WCAG 2.2-2.5.5 AAA,Serious,seat-C3,8,37,No,None,None,FALSE,FALSE,"{""calculatedWidth"":""\""40\"""",""calculatedHeight"":""\""40\""""}",Users with motor limitations will find it difficult to accurately activate elements with the observed touch target size of '40 x 40'. The expected touch target size should be at minimum '44 x 44' to ensure accessibility and ease of use for all users.,"[{""className"":""\""android.widget.Button\""""},{""viewId"":""\""seat-C3\""""},{""frame"":""{\""x\"":300,\""y\"":924,\""width\"":120,\""height\"":120}""},{""visibleText"":""\""\""""},{""accessible"":true},{""isVisibleToUser"":true},{""isClickable"":true},{""isLongClickable"":false},{""screenWidth"":""\""\""""},{""screenHeight"":""\""\""""},{""screenDotsPerInch"":""\""\""""},{""calculatedWidth"":""\""40\""""},{""calculatedHeight"":""\""40\""""}]",https://app-accessibility.browserstack.com/automated-tests/projects/4149340/builds/ANDROID+Session/1?thBuildId=wrz9clzrcfubqmwsuh92jwvjweufztcted7tynwr&activeTab=all_issues&locator=eyJzbmFwX2luZGV4Ijo3LCJydWxlX2lkIjoidG91Y2gtdGFyZ2V0LXNpemUiLCJpc3N1ZV9pbmRleCI6IjM3In0=,https://www.browserstack.com/docs/app-accessibility/rule-repository/rules-list/touch-target-size
Mobile App Accessibility Exploration, v,Touch Target Size,"Ensure that each interactive UI element has a focusable area, or touch target size, of at least 44x44 dp, logical pixels or equivalent",WCAG 2.2-2.5.5 AAA,Serious,seat-B8,8,38,No,None,None,FALSE,FALSE,"{""calculatedWidth"":""\""20\"""",""calculatedHeight"":""\""40\""""}",Users with motor limitations will find it difficult to accurately activate elements with the observed touch target size of '20 x 40'. The expected touch target size should be at minimum '44 x 44' to ensure accessibility and ease of use for all users.,"[{""className"":""\""android.widget.Button\""""},{""viewId"":""\""seat-B8\""""},{""frame"":""{\""x\"":1020,\""y\"":780,\""width\"":60,\""height\"":120}""},{""visibleText"":""\""\""""},{""accessible"":true},{""isVisibleToUser"":true},{""isClickable"":true},{""isLongClickable"":false},{""screenWidth"":""\""\""""},{""screenHeight"":""\""\""""},{""screenDotsPerInch"":""\""\""""},{""calculatedWidth"":""\""20\""""},{""calculatedHeight"":""\""40\""""}]",https://app-accessibility.browserstack.com/automated-tests/projects/4149340/builds/ANDROID+Session/1?thBuildId=wrz9clzrcfubqmwsuh92jwvjweufztcted7tynwr&activeTab=all_issues&locator=eyJzbmFwX2luZGV4Ijo3LCJydWxlX2lkIjoidG91Y2gtdGFyZ2V0LXNpemUiLCJpc3N1ZV9pbmRleCI6IjM4In0=,https://www.browserstack.com/docs/app-accessibility/rule-repository/rules-list/touch-target-size
Mobile App Accessibility Exploration, v,Touch Target Size,"Ensure that each interactive UI element has a focusable area, or touch target size, of at least 44x44 dp, logical pixels or equivalent",WCAG 2.2-2.5.5 AAA,Serious,seat-C4,8,39,No,None,None,FALSE,FALSE,"{""calculatedWidth"":""\""40\"""",""calculatedHeight"":""\""40\""""}",Users with motor limitations will find it difficult to accurately activate elements with the observed touch target size of '40 x 40'. The expected touch target size should be at minimum '44 x 44' to ensure accessibility and ease of use for all users.,"[{""className"":""\""android.widget.Button\""""},{""viewId"":""\""seat-C4\""""},{""frame"":""{\""x\"":444,\""y\"":924,\""width\"":120,\""height\"":120}""},{""visibleText"":""\""\""""},{""accessible"":true},{""isVisibleToUser"":true},{""isClickable"":true},{""isLongClickable"":false},{""screenWidth"":""\""\""""},{""screenHeight"":""\""\""""},{""screenDotsPerInch"":""\""\""""},{""calculatedWidth"":""\""40\""""},{""calculatedHeight"":""\""40\""""}]",https://app-accessibility.browserstack.com/automated-tests/projects/4149340/builds/ANDROID+Session/1?thBuildId=wrz9clzrcfubqmwsuh92jwvjweufztcted7tynwr&activeTab=all_issues&locator=eyJzbmFwX2luZGV4Ijo3LCJydWxlX2lkIjoidG91Y2gtdGFyZ2V0LXNpemUiLCJpc3N1ZV9pbmRleCI6IjM5In0=,https://www.browserstack.com/docs/app-accessibility/rule-repository/rules-list/touch-target-size
Mobile App Accessibility Exploration, v,Touch Target Size,"Ensure that each interactive UI element has a focusable area, or touch target size, of at least 44x44 dp, logical pixels or equivalent",WCAG 2.2-2.5.5 AAA,Serious,seat-C8,8,40,No,None,None,FALSE,FALSE,"{""calculatedWidth"":""\""20\"""",""calculatedHeight"":""\""40\""""}",Users with motor limitations will find it difficult to accurately activate elements with the observed touch target size of '20 x 40'. The expected touch target size should be at minimum '44 x 44' to ensure accessibility and ease of use for all users.,"[{""className"":""\""android.widget.Button\""""},{""viewId"":""\""seat-C8\""""},{""frame"":""{\""x\"":1020,\""y\"":924,\""width\"":60,\""height\"":120}""},{""visibleText"":""\""\""""},{""accessible"":true},{""isVisibleToUser"":true},{""isClickable"":true},{""isLongClickable"":false},{""screenWidth"":""\""\""""},{""screenHeight"":""\""\""""},{""screenDotsPerInch"":""\""\""""},{""calculatedWidth"":""\""20\""""},{""calculatedHeight"":""\""40\""""}]",https://app-accessibility.browserstack.com/automated-tests/projects/4149340/builds/ANDROID+Session/1?thBuildId=wrz9clzrcfubqmwsuh92jwvjweufztcted7tynwr&activeTab=all_issues&locator=eyJzbmFwX2luZGV4Ijo3LCJydWxlX2lkIjoidG91Y2gtdGFyZ2V0LXNpemUiLCJpc3N1ZV9pbmRleCI6IjQwIn0=,https://www.browserstack.com/docs/app-accessibility/rule-repository/rules-list/touch-target-size
Mobile App Accessibility Exploration, v,Touch Target Size,"Ensure that each interactive UI element has a focusable area, or touch target size, of at least 44x44 dp, logical pixels or equivalent",WCAG 2.2-2.5.5 AAA,Serious,seat-B5,8,41,No,None,None,FALSE,FALSE,"{""calculatedWidth"":""\""40\"""",""calculatedHeight"":""\""40\""""}",Users with motor limitations will find it difficult to accurately activate elements with the observed touch target size of '40 x 40'. The expected touch target size should be at minimum '44 x 44' to ensure accessibility and ease of use for all users.,"[{""className"":""\""android.widget.Button\""""},{""viewId"":""\""seat-B5\""""},{""frame"":""{\""x\"":588,\""y\"":780,\""width\"":120,\""height\"":120}""},{""visibleText"":""\""\""""},{""accessible"":true},{""isVisibleToUser"":true},{""isClickable"":true},{""isLongClickable"":false},{""screenWidth"":""\""\""""},{""screenHeight"":""\""\""""},{""screenDotsPerInch"":""\""\""""},{""calculatedWidth"":""\""40\""""},{""calculatedHeight"":""\""40\""""}]",https://app-accessibility.browserstack.com/automated-tests/projects/4149340/builds/ANDROID+Session/1?thBuildId=wrz9clzrcfubqmwsuh92jwvjweufztcted7tynwr&activeTab=all_issues&locator=eyJzbmFwX2luZGV4Ijo3LCJydWxlX2lkIjoidG91Y2gtdGFyZ2V0LXNpemUiLCJpc3N1ZV9pbmRleCI6IjQxIn0=,https://www.browserstack.com/docs/app-accessibility/rule-repository/rules-list/touch-target-size
Mobile App Accessibility Exploration, v,Touch Target Size,"Ensure that each interactive UI element has a focusable area, or touch target size, of at least 44x44 dp, logical pixels or equivalent",WCAG 2.2-2.5.5 AAA,Serious,seat-B3,8,42,No,None,None,FALSE,FALSE,"{""calculatedWidth"":""\""40\"""",""calculatedHeight"":""\""40\""""}",Users with motor limitations will find it difficult to accurately activate elements with the observed touch target size of '40 x 40'. The expected touch target size should be at minimum '44 x 44' to ensure accessibility and ease of use for all users.,"[{""className"":""\""android.widget.Button\""""},{""viewId"":""\""seat-B3\""""},{""frame"":""{\""x\"":300,\""y\"":780,\""width\"":120,\""height\"":120}""},{""visibleText"":""\""\""""},{""accessible"":true},{""isVisibleToUser"":true},{""isClickable"":true},{""isLongClickable"":false},{""screenWidth"":""\""\""""},{""screenHeight"":""\""\""""},{""screenDotsPerInch"":""\""\""""},{""calculatedWidth"":""\""40\""""},{""calculatedHeight"":""\""40\""""}]",https://app-accessibility.browserstack.com/automated-tests/projects/4149340/builds/ANDROID+Session/1?thBuildId=wrz9clzrcfubqmwsuh92jwvjweufztcted7tynwr&activeTab=all_issues&locator=eyJzbmFwX2luZGV4Ijo3LCJydWxlX2lkIjoidG91Y2gtdGFyZ2V0LXNpemUiLCJpc3N1ZV9pbmRleCI6IjQyIn0=,https://www.browserstack.com/docs/app-accessibility/rule-repository/rules-list/touch-target-size
Mobile App Accessibility Exploration, v,Touch Target Size,"Ensure that each interactive UI element has a focusable area, or touch target size, of at least 44x44 dp, logical pixels or equivalent",WCAG 2.2-2.5.5 AAA,Serious,seat-B1,8,43,No,None,None,FALSE,FALSE,"{""calculatedWidth"":""\""40\"""",""calculatedHeight"":""\""40\""""}",Users with motor limitations will find it difficult to accurately activate elements with the observed touch target size of '40 x 40'. The expected touch target size should be at minimum '44 x 44' to ensure accessibility and ease of use for all users.,"[{""className"":""\""android.widget.Button\""""},{""viewId"":""\""seat-B1\""""},{""frame"":""{\""x\"":12,\""y\"":780,\""width\"":120,\""height\"":120}""},{""visibleText"":""\""\""""},{""accessible"":true},{""isVisibleToUser"":true},{""isClickable"":true},{""isLongClickable"":false},{""screenWidth"":""\""\""""},{""screenHeight"":""\""\""""},{""screenDotsPerInch"":""\""\""""},{""calculatedWidth"":""\""40\""""},{""calculatedHeight"":""\""40\""""}]",https://app-accessibility.browserstack.com/automated-tests/projects/4149340/builds/ANDROID+Session/1?thBuildId=wrz9clzrcfubqmwsuh92jwvjweufztcted7tynwr&activeTab=all_issues&locator=eyJzbmFwX2luZGV4Ijo3LCJydWxlX2lkIjoidG91Y2gtdGFyZ2V0LXNpemUiLCJpc3N1ZV9pbmRleCI6IjQzIn0=,https://www.browserstack.com/docs/app-accessibility/rule-repository/rules-list/touch-target-size
Mobile App Accessibility Exploration, v,Touch Target Size,"Ensure that each interactive UI element has a focusable area, or touch target size, of at least 44x44 dp, logical pixels or equivalent",WCAG 2.2-2.5.5 AAA,Serious,seat-E8,8,44,No,None,None,FALSE,FALSE,"{""calculatedWidth"":""\""20\"""",""calculatedHeight"":""\""40\""""}",Users with motor limitations will find it difficult to accurately activate elements with the observed touch target size of '20 x 40'. The expected touch target size should be at minimum '44 x 44' to ensure accessibility and ease of use for all users.,"[{""className"":""\""android.widget.Button\""""},{""viewId"":""\""seat-E8\""""},{""frame"":""{\""x\"":1020,\""y\"":1212,\""width\"":60,\""height\"":120}""},{""visibleText"":""\""\""""},{""accessible"":true},{""isVisibleToUser"":true},{""isClickable"":true},{""isLongClickable"":false},{""screenWidth"":""\""\""""},{""screenHeight"":""\""\""""},{""screenDotsPerInch"":""\""\""""},{""calculatedWidth"":""\""20\""""},{""calculatedHeight"":""\""40\""""}]",https://app-accessibility.browserstack.com/automated-tests/projects/4149340/builds/ANDROID+Session/1?thBuildId=wrz9clzrcfubqmwsuh92jwvjweufztcted7tynwr&activeTab=all_issues&locator=eyJzbmFwX2luZGV4Ijo3LCJydWxlX2lkIjoidG91Y2gtdGFyZ2V0LXNpemUiLCJpc3N1ZV9pbmRleCI6IjQ0In0=,https://www.browserstack.com/docs/app-accessibility/rule-repository/rules-list/touch-target-size
Mobile App Accessibility Exploration, v,Touch Target Size,"Ensure that each interactive UI element has a focusable area, or touch target size, of at least 44x44 dp, logical pixels or equivalent",WCAG 2.2-2.5.5 AAA,Serious,seat-B7,8,45,No,None,None,FALSE,FALSE,"{""calculatedWidth"":""\""40\"""",""calculatedHeight"":""\""40\""""}",Users with motor limitations will find it difficult to accurately activate elements with the observed touch target size of '40 x 40'. The expected touch target size should be at minimum '44 x 44' to ensure accessibility and ease of use for all users.,"[{""className"":""\""android.widget.Button\""""},{""viewId"":""\""seat-B7\""""},{""frame"":""{\""x\"":876,\""y\"":780,\""width\"":120,\""height\"":120}""},{""visibleText"":""\""\""""},{""accessible"":true},{""isVisibleToUser"":true},{""isClickable"":true},{""isLongClickable"":false},{""screenWidth"":""\""\""""},{""screenHeight"":""\""\""""},{""screenDotsPerInch"":""\""\""""},{""calculatedWidth"":""\""40\""""},{""calculatedHeight"":""\""40\""""}]",https://app-accessibility.browserstack.com/automated-tests/projects/4149340/builds/ANDROID+Session/1?thBuildId=wrz9clzrcfubqmwsuh92jwvjweufztcted7tynwr&activeTab=all_issues&locator=eyJzbmFwX2luZGV4Ijo3LCJydWxlX2lkIjoidG91Y2gtdGFyZ2V0LXNpemUiLCJpc3N1ZV9pbmRleCI6IjQ1In0=,https://www.browserstack.com/docs/app-accessibility/rule-repository/rules-list/touch-target-size
Mobile App Accessibility Exploration, v,Touch Target Size,"Ensure that each interactive UI element has a focusable area, or touch target size, of at least 44x44 dp, logical pixels or equivalent",WCAG 2.2-2.5.5 AAA,Serious,seat-E4,8,46,No,None,None,FALSE,FALSE,"{""calculatedWidth"":""\""40\"""",""calculatedHeight"":""\""40\""""}",Users with motor limitations will find it difficult to accurately activate elements with the observed touch target size of '40 x 40'. The expected touch target size should be at minimum '44 x 44' to ensure accessibility and ease of use for all users.,"[{""className"":""\""android.widget.Button\""""},{""viewId"":""\""seat-E4\""""},{""frame"":""{\""x\"":444,\""y\"":1212,\""width\"":120,\""height\"":120}""},{""visibleText"":""\""\""""},{""accessible"":true},{""isVisibleToUser"":true},{""isClickable"":true},{""isLongClickable"":false},{""screenWidth"":""\""\""""},{""screenHeight"":""\""\""""},{""screenDotsPerInch"":""\""\""""},{""calculatedWidth"":""\""40\""""},{""calculatedHeight"":""\""40\""""}]",https://app-accessibility.browserstack.com/automated-tests/projects/4149340/builds/ANDROID+Session/1?thBuildId=wrz9clzrcfubqmwsuh92jwvjweufztcted7tynwr&activeTab=all_issues&locator=eyJzbmFwX2luZGV4Ijo3LCJydWxlX2lkIjoidG91Y2gtdGFyZ2V0LXNpemUiLCJpc3N1ZV9pbmRleCI6IjQ2In0=,https://www.browserstack.com/docs/app-accessibility/rule-repository/rules-list/touch-target-size
Mobile App Accessibility Exploration, v,Touch Target Size,"Ensure that each interactive UI element has a focusable area, or touch target size, of at least 44x44 dp, logical pixels or equivalent",WCAG 2.2-2.5.5 AAA,Serious,seat-C2,8,47,No,None,None,FALSE,FALSE,"{""calculatedWidth"":""\""40\"""",""calculatedHeight"":""\""40\""""}",Users with motor limitations will find it difficult to accurately activate elements with the observed touch target size of '40 x 40'. The expected touch target size should be at minimum '44 x 44' to ensure accessibility and ease of use for all users.,"[{""className"":""\""android.widget.Button\""""},{""viewId"":""\""seat-C2\""""},{""frame"":""{\""x\"":156,\""y\"":924,\""width\"":120,\""height\"":120}""},{""visibleText"":""\""\""""},{""accessible"":true},{""isVisibleToUser"":true},{""isClickable"":true},{""isLongClickable"":false},{""screenWidth"":""\""\""""},{""screenHeight"":""\""\""""},{""screenDotsPerInch"":""\""\""""},{""calculatedWidth"":""\""40\""""},{""calculatedHeight"":""\""40\""""}]",https://app-accessibility.browserstack.com/automated-tests/projects/4149340/builds/ANDROID+Session/1?thBuildId=wrz9clzrcfubqmwsuh92jwvjweufztcted7tynwr&activeTab=all_issues&locator=eyJzbmFwX2luZGV4Ijo3LCJydWxlX2lkIjoidG91Y2gtdGFyZ2V0LXNpemUiLCJpc3N1ZV9pbmRleCI6IjQ3In0=,https://www.browserstack.com/docs/app-accessibility/rule-repository/rules-list/touch-target-size
Mobile App Accessibility Exploration, v,Touch Target Size,"Ensure that each interactive UI element has a focusable area, or touch target size, of at least 44x44 dp, logical pixels or equivalent",WCAG 2.2-2.5.5 AAA,Serious,seat-D1,8,48,No,None,None,FALSE,FALSE,"{""calculatedWidth"":""\""40\"""",""calculatedHeight"":""\""40\""""}",Users with motor limitations will find it difficult to accurately activate elements with the observed touch target size of '40 x 40'. The expected touch target size should be at minimum '44 x 44' to ensure accessibility and ease of use for all users.,"[{""className"":""\""android.widget.Button\""""},{""viewId"":""\""seat-D1\""""},{""frame"":""{\""x\"":12,\""y\"":1068,\""width\"":120,\""height\"":120}""},{""visibleText"":""\""\""""},{""accessible"":true},{""isVisibleToUser"":true},{""isClickable"":true},{""isLongClickable"":false},{""screenWidth"":""\""\""""},{""screenHeight"":""\""\""""},{""screenDotsPerInch"":""\""\""""},{""calculatedWidth"":""\""40\""""},{""calculatedHeight"":""\""40\""""}]",https://app-accessibility.browserstack.com/automated-tests/projects/4149340/builds/ANDROID+Session/1?thBuildId=wrz9clzrcfubqmwsuh92jwvjweufztcted7tynwr&activeTab=all_issues&locator=eyJzbmFwX2luZGV4Ijo3LCJydWxlX2lkIjoidG91Y2gtdGFyZ2V0LXNpemUiLCJpc3N1ZV9pbmRleCI6IjQ4In0=,https://www.browserstack.com/docs/app-accessibility/rule-repository/rules-list/touch-target-size
Mobile App Accessibility Exploration, v,Touch Target Size,"Ensure that each interactive UI element has a focusable area, or touch target size, of at least 44x44 dp, logical pixels or equivalent",WCAG 2.2-2.5.5 AAA,Serious,seat-C6,8,49,No,None,None,FALSE,FALSE,"{""calculatedWidth"":""\""40\"""",""calculatedHeight"":""\""40\""""}",Users with motor limitations will find it difficult to accurately activate elements with the observed touch target size of '40 x 40'. The expected touch target size should be at minimum '44 x 44' to ensure accessibility and ease of use for all users.,"[{""className"":""\""android.widget.Button\""""},{""viewId"":""\""seat-C6\""""},{""frame"":""{\""x\"":732,\""y\"":924,\""width\"":120,\""height\"":120}""},{""visibleText"":""\""\""""},{""accessible"":true},{""isVisibleToUser"":true},{""isClickable"":true},{""isLongClickable"":false},{""screenWidth"":""\""\""""},{""screenHeight"":""\""\""""},{""screenDotsPerInch"":""\""\""""},{""calculatedWidth"":""\""40\""""},{""calculatedHeight"":""\""40\""""}]",https://app-accessibility.browserstack.com/automated-tests/projects/4149340/builds/ANDROID+Session/1?thBuildId=wrz9clzrcfubqmwsuh92jwvjweufztcted7tynwr&activeTab=all_issues&locator=eyJzbmFwX2luZGV4Ijo3LCJydWxlX2lkIjoidG91Y2gtdGFyZ2V0LXNpemUiLCJpc3N1ZV9pbmRleCI6IjQ5In0=,https://www.browserstack.com/docs/app-accessibility/rule-repository/rules-list/touch-target-size
Mobile App Accessibility Exploration, v,Touch Target Size,"Ensure that each interactive UI element has a focusable area, or touch target size, of at least 44x44 dp, logical pixels or equivalent",WCAG 2.2-2.5.5 AAA,Serious,seat-D3,8,50,No,None,None,FALSE,FALSE,"{""calculatedWidth"":""\""40\"""",""calculatedHeight"":""\""40\""""}",Users with motor limitations will find it difficult to accurately activate elements with the observed touch target size of '40 x 40'. The expected touch target size should be at minimum '44 x 44' to ensure accessibility and ease of use for all users.,"[{""className"":""\""android.widget.Button\""""},{""viewId"":""\""seat-D3\""""},{""frame"":""{\""x\"":300,\""y\"":1068,\""width\"":120,\""height\"":120}""},{""visibleText"":""\""\""""},{""accessible"":true},{""isVisibleToUser"":true},{""isClickable"":true},{""isLongClickable"":false},{""screenWidth"":""\""\""""},{""screenHeight"":""\""\""""},{""screenDotsPerInch"":""\""\""""},{""calculatedWidth"":""\""40\""""},{""calculatedHeight"":""\""40\""""}]",https://app-accessibility.browserstack.com/automated-tests/projects/4149340/builds/ANDROID+Session/1?thBuildId=wrz9clzrcfubqmwsuh92jwvjweufztcted7tynwr&activeTab=all_issues&locator=eyJzbmFwX2luZGV4Ijo3LCJydWxlX2lkIjoidG91Y2gtdGFyZ2V0LXNpemUiLCJpc3N1ZV9pbmRleCI6IjUwIn0=,https://www.browserstack.com/docs/app-accessibility/rule-repository/rules-list/touch-target-size
Mobile App Accessibility Exploration, v,Touch Target Size,"Ensure that each interactive UI element has a focusable area, or touch target size, of at least 44x44 dp, logical pixels or equivalent",WCAG 2.2-2.5.5 AAA,Serious,seat-A8,8,51,No,None,None,FALSE,FALSE,"{""calculatedWidth"":""\""20\"""",""calculatedHeight"":""\""40\""""}",Users with motor limitations will find it difficult to accurately activate elements with the observed touch target size of '20 x 40'. The expected touch target size should be at minimum '44 x 44' to ensure accessibility and ease of use for all users.,"[{""className"":""\""android.widget.Button\""""},{""viewId"":""\""seat-A8\""""},{""frame"":""{\""x\"":1020,\""y\"":636,\""width\"":60,\""height\"":120}""},{""visibleText"":""\""\""""},{""accessible"":true},{""isVisibleToUser"":true},{""isClickable"":true},{""isLongClickable"":false},{""screenWidth"":""\""\""""},{""screenHeight"":""\""\""""},{""screenDotsPerInch"":""\""\""""},{""calculatedWidth"":""\""20\""""},{""calculatedHeight"":""\""40\""""}]",https://app-accessibility.browserstack.com/automated-tests/projects/4149340/builds/ANDROID+Session/1?thBuildId=wrz9clzrcfubqmwsuh92jwvjweufztcted7tynwr&activeTab=all_issues&locator=eyJzbmFwX2luZGV4Ijo3LCJydWxlX2lkIjoidG91Y2gtdGFyZ2V0LXNpemUiLCJpc3N1ZV9pbmRleCI6IjUxIn0=,https://www.browserstack.com/docs/app-accessibility/rule-repository/rules-list/touch-target-size
Mobile App Accessibility Exploration, v,Touch Target Size,"Ensure that each interactive UI element has a focusable area, or touch target size, of at least 44x44 dp, logical pixels or equivalent",WCAG 2.2-2.5.5 AAA,Serious,seat-A2,8,52,No,None,None,FALSE,FALSE,"{""calculatedWidth"":""\""40\"""",""calculatedHeight"":""\""40\""""}",Users with motor limitations will find it difficult to accurately activate elements with the observed touch target size of '40 x 40'. The expected touch target size should be at minimum '44 x 44' to ensure accessibility and ease of use for all users.,"[{""className"":""\""android.widget.Button\""""},{""viewId"":""\""seat-A2\""""},{""frame"":""{\""x\"":156,\""y\"":636,\""width\"":120,\""height\"":120}""},{""visibleText"":""\""\""""},{""accessible"":true},{""isVisibleToUser"":true},{""isClickable"":true},{""isLongClickable"":false},{""screenWidth"":""\""\""""},{""screenHeight"":""\""\""""},{""screenDotsPerInch"":""\""\""""},{""calculatedWidth"":""\""40\""""},{""calculatedHeight"":""\""40\""""}]",https://app-accessibility.browserstack.com/automated-tests/projects/4149340/builds/ANDROID+Session/1?thBuildId=wrz9clzrcfubqmwsuh92jwvjweufztcted7tynwr&activeTab=all_issues&locator=eyJzbmFwX2luZGV4Ijo3LCJydWxlX2lkIjoidG91Y2gtdGFyZ2V0LXNpemUiLCJpc3N1ZV9pbmRleCI6IjUyIn0=,https://www.browserstack.com/docs/app-accessibility/rule-repository/rules-list/touch-target-size
Mobile App Accessibility Exploration, v,Touch Target Size,"Ensure that each interactive UI element has a focusable area, or touch target size, of at least 44x44 dp, logical pixels or equivalent",WCAG 2.2-2.5.5 AAA,Serious,seat-D7,8,53,No,None,None,FALSE,FALSE,"{""calculatedWidth"":""\""40\"""",""calculatedHeight"":""\""40\""""}",Users with motor limitations will find it difficult to accurately activate elements with the observed touch target size of '40 x 40'. The expected touch target size should be at minimum '44 x 44' to ensure accessibility and ease of use for all users.,"[{""className"":""\""android.widget.Button\""""},{""viewId"":""\""seat-D7\""""},{""frame"":""{\""x\"":876,\""y\"":1068,\""width\"":120,\""height\"":120}""},{""visibleText"":""\""\""""},{""accessible"":true},{""isVisibleToUser"":true},{""isClickable"":true},{""isLongClickable"":false},{""screenWidth"":""\""\""""},{""screenHeight"":""\""\""""},{""screenDotsPerInch"":""\""\""""},{""calculatedWidth"":""\""40\""""},{""calculatedHeight"":""\""40\""""}]",https://app-accessibility.browserstack.com/automated-tests/projects/4149340/builds/ANDROID+Session/1?thBuildId=wrz9clzrcfubqmwsuh92jwvjweufztcted7tynwr&activeTab=all_issues&locator=eyJzbmFwX2luZGV4Ijo3LCJydWxlX2lkIjoidG91Y2gtdGFyZ2V0LXNpemUiLCJpc3N1ZV9pbmRleCI6IjUzIn0=,https://www.browserstack.com/docs/app-accessibility/rule-repository/rules-list/touch-target-size
Mobile App Accessibility Exploration, v,Touch Target Size,"Ensure that each interactive UI element has a focusable area, or touch target size, of at least 44x44 dp, logical pixels or equivalent",WCAG 2.2-2.5.5 AAA,Serious,seat-A4,8,54,No,None,None,FALSE,FALSE,"{""calculatedWidth"":""\""40\"""",""calculatedHeight"":""\""40\""""}",Users with motor limitations will find it difficult to accurately activate elements with the observed touch target size of '40 x 40'. The expected touch target size should be at minimum '44 x 44' to ensure accessibility and ease of use for all users.,"[{""className"":""\""android.widget.Button\""""},{""viewId"":""\""seat-A4\""""},{""frame"":""{\""x\"":444,\""y\"":636,\""width\"":120,\""height\"":120}""},{""visibleText"":""\""\""""},{""accessible"":true},{""isVisibleToUser"":true},{""isClickable"":true},{""isLongClickable"":false},{""screenWidth"":""\""\""""},{""screenHeight"":""\""\""""},{""screenDotsPerInch"":""\""\""""},{""calculatedWidth"":""\""40\""""},{""calculatedHeight"":""\""40\""""}]",https://app-accessibility.browserstack.com/automated-tests/projects/4149340/builds/ANDROID+Session/1?thBuildId=wrz9clzrcfubqmwsuh92jwvjweufztcted7tynwr&activeTab=all_issues&locator=eyJzbmFwX2luZGV4Ijo3LCJydWxlX2lkIjoidG91Y2gtdGFyZ2V0LXNpemUiLCJpc3N1ZV9pbmRleCI6IjU0In0=,https://www.browserstack.com/docs/app-accessibility/rule-repository/rules-list/touch-target-size
Mobile App Accessibility Exploration, v,Touch Target Size,"Ensure that each interactive UI element has a focusable area, or touch target size, of at least 44x44 dp, logical pixels or equivalent",WCAG 2.2-2.5.5 AAA,Serious,seat-E2,8,55,No,None,None,FALSE,FALSE,"{""calculatedWidth"":""\""40\"""",""calculatedHeight"":""\""40\""""}",Users with motor limitations will find it difficult to accurately activate elements with the observed touch target size of '40 x 40'. The expected touch target size should be at minimum '44 x 44' to ensure accessibility and ease of use for all users.,"[{""className"":""\""android.widget.Button\""""},{""viewId"":""\""seat-E2\""""},{""frame"":""{\""x\"":156,\""y\"":1212,\""width\"":120,\""height\"":120}""},{""visibleText"":""\""\""""},{""accessible"":true},{""isVisibleToUser"":true},{""isClickable"":true},{""isLongClickable"":false},{""screenWidth"":""\""\""""},{""screenHeight"":""\""\""""},{""screenDotsPerInch"":""\""\""""},{""calculatedWidth"":""\""40\""""},{""calculatedHeight"":""\""40\""""}]",https://app-accessibility.browserstack.com/automated-tests/projects/4149340/builds/ANDROID+Session/1?thBuildId=wrz9clzrcfubqmwsuh92jwvjweufztcted7tynwr&activeTab=all_issues&locator=eyJzbmFwX2luZGV4Ijo3LCJydWxlX2lkIjoidG91Y2gtdGFyZ2V0LXNpemUiLCJpc3N1ZV9pbmRleCI6IjU1In0=,https://www.browserstack.com/docs/app-accessibility/rule-repository/rules-list/touch-target-size
Mobile App Accessibility Exploration, v,Link Text Purpose,The purpose of each link should be clear from its text or from its text combined with its programmatically determined context.,WCAG 2.2-2.4.4 A,Moderate,seat-selection-continue-button,8,56,No,None,None,TRUE,FALSE,"{""detectedStopWords"":""[\""Continue\""]""}","Links must have clear text to provide sufficient context. Avoid link text with only generic stop words such as click, tap, go, here, learn, more, this, page, link, about etc.","[{""className"":""\""android.widget.Button\""""},{""viewId"":""\""seat-selection-continue-button\""""},{""frame"":""{\""x\"":48,\""y\"":1987,\""width\"":984,\""height\"":161}""},{""accessible"":true},{""detectedStopWords"":""[\""Continue\""]""}]",https://app-accessibility.browserstack.com/automated-tests/projects/4149340/builds/ANDROID+Session/1?thBuildId=wrz9clzrcfubqmwsuh92jwvjweufztcted7tynwr&activeTab=all_issues&locator=eyJzbmFwX2luZGV4Ijo3LCJydWxlX2lkIjoibGluay10ZXh0LXB1cnBvc2UiLCJpc3N1ZV9pbmRleCI6IjU2In0=,https://www.browserstack.com/docs/app-accessibility/rule-repository/rules-list/link-text-purpose
Mobile App Accessibility Exploration, v,Missing Heading,Ensure that text elements visually functioning as headings are programmatically marked as headings,WCAG 2.2-1.3.1 A,Moderate,N/A,8,57,No,None,None,TRUE,FALSE,"{""text"":""\""Select a Seat\"""",""isHeading"":false}",Ensure the elements serving as headings visually are programmatically marked as heading in respective frameworks,"[{""className"":""\""android.widget.TextView\""""},{""frame"":""{\""x\"":216,\""y\"":124,\""width\"":354,\""height\"":81}""},{""text"":""\""Select a Seat\""""},{""detectedLabel"":""\""\""""},{""accessible"":true},{""isHeading"":false}]",https://app-accessibility.browserstack.com/automated-tests/projects/4149340/builds/ANDROID+Session/1?thBuildId=wrz9clzrcfubqmwsuh92jwvjweufztcted7tynwr&activeTab=all_issues&locator=eyJzbmFwX2luZGV4Ijo3LCJydWxlX2lkIjoibWlzc2luZy1oZWFkaW5nIiwiaXNzdWVfaW5kZXgiOiI1NyJ9,https://www.browserstack.com/docs/app-accessibility/rule-repository/rules-list/content-structure/missing-heading
Mobile App Accessibility Exploration, v,Missing Heading,Ensure that text elements visually functioning as headings are programmatically marked as headings,WCAG 2.2-1.3.1 A,Moderate,N/A,8,58,Yes,None,None,TRUE,FALSE,"{""text"":""\""Neon Skyline\"""",""isHeading"":false}",Ensure the elements serving as headings visually are programmatically marked as heading in respective frameworks,"[{""className"":""\""android.widget.TextView\""""},{""frame"":""{\""x\"":48,\""y\"":297,\""width\"":301,\""height\"":68}""},{""text"":""\""Neon Skyline\""""},{""detectedLabel"":""\""\""""},{""accessible"":true},{""isHeading"":false}]",https://app-accessibility.browserstack.com/automated-tests/projects/4149340/builds/ANDROID+Session/1?thBuildId=wrz9clzrcfubqmwsuh92jwvjweufztcted7tynwr&activeTab=all_issues&locator=eyJzbmFwX2luZGV4Ijo3LCJydWxlX2lkIjoibWlzc2luZy1oZWFkaW5nIiwiaXNzdWVfaW5kZXgiOiI1OCJ9,https://www.browserstack.com/docs/app-accessibility/rule-repository/rules-list/content-structure/missing-heading
